"STATION","DATE","LATITUDE","LONGITUDE","ELEVATION","NAME","TEMP","TEMP_ATTRIBUTES","DEWP","DEWP_ATTRIBUTES","SLP","SLP_ATTRIBUTES","STP","STP_ATTRIBUTES","VISIB","VISIB_ATTRIBUTES","WDSP","WDSP_ATTRIBUTES","MXSPD","GUST","MAX","MAX_ATTRIBUTES","MIN","MIN_ATTRIBUTES","PRCP","PRCP_ATTRIBUTES","SNDP","FRSHTT"
"43295099999","2015-01-01","12.9666666","77.5833333","921.0","BANGALORE, IN","  72.2"," 8","  64.4"," 8","9999.9"," 0","908.1"," 8","  3.9"," 8","  0.5"," 8","  1.9","999.9","  85.1"," ","  66.6","*"," 0.30","G","999.9","010000"
"43295099999","2015-01-02","12.9666666","77.5833333","921.0","BANGALORE, IN","  72.0"," 8","  62.2"," 8","9999.9"," 0","910.5"," 8","  3.4"," 8","  1.0"," 8","  4.1","999.9","  84.6"," ","  63.7"," "," 0.06","G","999.9","000000"
"43295099999","2015-01-03","12.9666666","77.5833333","921.0","BANGALORE, IN","  71.8"," 8","  63.8"," 8","9999.9"," 0","911.1"," 8","  3.7"," 8","  0.7"," 8","  1.9","999.9","  84.6"," ","  65.7"," "," 0.00","G","999.9","000000"
"43295099999","2015-01-04","12.9666666","77.5833333","921.0","BANGALORE, IN","  73.0"," 8","  63.1"," 8","9999.9"," 0","911.1"," 8","  3.7"," 8","  1.5"," 8","  2.9","999.9","  83.8"," ","  66.2"," "," 0.00","I","999.9","000000"
"43295099999","2015-01-05","12.9666666","77.5833333","921.0","BANGALORE, IN","  72.0"," 8","  60.8"," 8","9999.9"," 0","910.9"," 8","  4.8"," 8","  0.5"," 8","  1.9","999.9","  83.8"," ","  65.1"," "," 0.00","I","999.9","000000"
"43295099999","2015-01-06","12.9666666","77.5833333","921.0","BANGALORE, IN","  71.3"," 8","  57.2"," 8","9999.9"," 0","911.4"," 8","  4.3"," 8","  0.2"," 8","  1.9","999.9","  82.6"," ","  65.5"," "," 0.00","I","999.9","000000"
"43295099999","2015-01-07","12.9666666","77.5833333","921.0","BANGALORE, IN","  71.4"," 8","  57.0"," 8","9999.9"," 0","911.3"," 8","  4.3"," 8","  0.2"," 8","  1.9","999.9","  83.5"," ","  63.3"," "," 0.00","I","999.9","000000"
"43295099999","2015-01-08","12.9666666","77.5833333","921.0","BANGALORE, IN","  71.2"," 8","  62.0"," 8","9999.9"," 0","911.4"," 8","  3.7"," 8","  0.2"," 8","  1.9","999.9","  83.5"," ","  63.7"," "," 0.00","I","999.9","000000"
"43295099999","2015-01-09","12.9666666","77.5833333","921.0","BANGALORE, IN","  70.7"," 8","  61.3"," 8","9999.9"," 0","912.4"," 8","  3.9"," 8","  1.0"," 8","  1.9","999.9","  81.7"," ","  64.8","*"," 0.00","I","999.9","000000"
"43295099999","2015-01-10","12.9666666","77.5833333","921.0","BANGALORE, IN","  69.0"," 8","  51.4"," 8","9999.9"," 0","912.4"," 8","  5.1"," 8","  0.7"," 8","  1.9","999.9","  82.9"," ","  60.1","*"," 0.00","I","999.9","000000"
"43295099999","2015-01-11","12.9666666","77.5833333","921.0","BANGALORE, IN","  68.3"," 8","  48.7"," 8","9999.9"," 0","912.2"," 8","  3.9"," 8","  0.7"," 8","  1.9","999.9","  83.5"," ","  56.5","*"," 0.00","I","999.9","000000"
"43295099999","2015-01-12","12.9666666","77.5833333","921.0","BANGALORE, IN","  66.9"," 8","  49.5"," 8","9999.9"," 0","911.7"," 8","  3.9"," 8","  0.2"," 8","  1.9","999.9","  80.1"," ","  59.0","*"," 0.00","I","999.9","000000"
"43295099999","2015-01-13","12.9666666","77.5833333","921.0","BANGALORE, IN","  66.8"," 8","  52.5"," 8","9999.9"," 0","910.9"," 8","  5.3"," 8","  0.5"," 8","  1.9","999.9","  80.8"," ","  56.7"," "," 0.00","I","999.9","000000"
"43295099999","2015-01-14","12.9666666","77.5833333","921.0","BANGALORE, IN","  66.8"," 8","  55.4"," 8","9999.9"," 0","910.8"," 8","  3.7"," 8","  0.1"," 8","  1.0","999.9","  80.8"," ","  56.7"," "," 0.00","I","999.9","000000"
"43295099999","2015-01-15","12.9666666","77.5833333","921.0","BANGALORE, IN","  68.0"," 8","  55.2"," 8","9999.9"," 0","911.2"," 8","  3.9"," 8","  1.5"," 8","  4.1","999.9","  80.8"," ","  58.5"," "," 0.00","I","999.9","000000"
"43295099999","2015-01-16","12.9666666","77.5833333","921.0","BANGALORE, IN","  70.0"," 8","  58.7"," 8","9999.9"," 0","911.6"," 8","  3.9"," 8","  1.2"," 8","  1.9","999.9","  82.9"," ","  60.3"," "," 0.00","I","999.9","000000"
"43295099999","2015-01-17","12.9666666","77.5833333","921.0","BANGALORE, IN","  70.4"," 8","  59.8"," 8","9999.9"," 0","912.0"," 8","  3.9"," 8","  1.2"," 8","  1.9","999.9","  82.2"," ","  64.0","*"," 0.00","I","999.9","000000"
"43295099999","2015-01-18","12.9666666","77.5833333","921.0","BANGALORE, IN","  70.5"," 8","  57.3"," 8","9999.9"," 0","912.1"," 8","  4.8"," 8","  1.1"," 8","  1.9","999.9","  82.8"," ","  60.6"," "," 0.00","I","999.9","000000"
"43295099999","2015-01-19","12.9666666","77.5833333","921.0","BANGALORE, IN","  70.3"," 8","  56.0"," 8","9999.9"," 0","911.9"," 8","  5.3"," 8","  1.8"," 8","  2.9","999.9","  82.8"," ","  59.7"," "," 0.00","I","999.9","000000"
"43295099999","2015-01-20","12.9666666","77.5833333","921.0","BANGALORE, IN","  69.7"," 8","  56.3"," 8","9999.9"," 0","913.3"," 8","  3.9"," 8","  1.6"," 8","  2.9","999.9","  82.8"," ","  60.1"," "," 0.00","I","999.9","000000"
"43295099999","2015-01-21","12.9666666","77.5833333","921.0","BANGALORE, IN","  69.8"," 8","  55.8"," 8","9999.9"," 0","914.5"," 8","  3.9"," 8","  2.6"," 8","  4.1","999.9","  81.3"," ","  59.9"," "," 0.00","I","999.9","000000"
"43295099999","2015-01-22","12.9666666","77.5833333","921.0","BANGALORE, IN","  70.5"," 8","  52.8"," 8","9999.9"," 0","913.9"," 8","  3.9"," 8","  1.5"," 8","  2.9","999.9","  84.6"," ","  57.9"," "," 0.00","I","999.9","000000"
"43295099999","2015-01-23","12.9666666","77.5833333","921.0","BANGALORE, IN","  71.3"," 8","  60.2"," 8","9999.9"," 0","912.0"," 8","  3.9"," 8","  2.3"," 8","  5.1","999.9","  83.7"," ","  65.5","*"," 0.00","I","999.9","000000"
"43295099999","2015-01-24","12.9666666","77.5833333","921.0","BANGALORE, IN","  70.7"," 8","  61.2"," 8","9999.9"," 0","912.3"," 8","  3.9"," 8","  2.2"," 8","  4.1","999.9","  83.7"," ","  64.4"," "," 0.00","I","999.9","000000"
"43295099999","2015-01-25","12.9666666","77.5833333","921.0","BANGALORE, IN","  71.7"," 8","  56.3"," 8","9999.9"," 0","912.8"," 8","  4.8"," 8","  1.8"," 8","  2.9","999.9","  84.9"," ","  62.6","*"," 0.00","I","999.9","000000"
"43295099999","2015-01-26","12.9666666","77.5833333","921.0","BANGALORE, IN","  70.2"," 8","  54.1"," 8","9999.9"," 0","912.3"," 8","  4.8"," 8","  2.5"," 8","  4.1","999.9","  83.1"," ","  60.1","*"," 0.00","I","999.9","000000"
"43295099999","2015-01-27","12.9666666","77.5833333","921.0","BANGALORE, IN","  70.4"," 8","  55.8"," 8","9999.9"," 0","911.2"," 8","  3.9"," 8","  2.2"," 8","  5.1","999.9","  82.2"," ","  60.8","*"," 0.00","I","999.9","000000"
"43295099999","2015-01-28","12.9666666","77.5833333","921.0","BANGALORE, IN","  70.5"," 8","  59.0"," 8","9999.9"," 0","909.9"," 8","  3.9"," 8","  1.9"," 8","  2.9","999.9","  82.8"," ","  63.3","*"," 0.00","I","999.9","000000"
"43295099999","2015-01-29","12.9666666","77.5833333","921.0","BANGALORE, IN","  72.6"," 8","  60.1"," 8","9999.9"," 0","911.2"," 8","  3.9"," 8","  1.1"," 8","  2.9","999.9","  83.1"," ","  63.1"," "," 0.00","I","999.9","000000"
"43295099999","2015-01-30","12.9666666","77.5833333","921.0","BANGALORE, IN","  72.2"," 8","  61.6"," 8","9999.9"," 0","912.4"," 8","  3.9"," 8","  1.5"," 8","  4.1","999.9","  83.1"," ","  64.4"," "," 0.00","G","999.9","010000"
"43295099999","2015-01-31","12.9666666","77.5833333","921.0","BANGALORE, IN","  73.0"," 8","  53.9"," 8","9999.9"," 0","912.5"," 8","  3.9"," 8","  2.1"," 8","  5.1","999.9","  86.4"," ","  61.9"," "," 0.00","G","999.9","000000"
"43295099999","2015-02-01","12.9666666","77.5833333","921.0","BANGALORE, IN","  71.5"," 8","  53.5"," 8","9999.9"," 0","912.5"," 8","  3.9"," 8","  2.0"," 8","  4.1","999.9","  86.4"," ","  61.2"," "," 0.00","I","999.9","000000"
"43295099999","2015-02-02","12.9666666","77.5833333","921.0","BANGALORE, IN","  70.1"," 8","  56.9"," 8","9999.9"," 0","913.4"," 8","  3.9"," 8","  2.8"," 8","  5.1","999.9","  84.7"," ","  61.5"," "," 0.00","I","999.9","000000"
"43295099999","2015-02-03","12.9666666","77.5833333","921.0","BANGALORE, IN","  70.5"," 8","  55.2"," 8","9999.9"," 0","914.9"," 8","  3.9"," 8","  2.1"," 8","  5.1","999.9","  83.5"," ","  59.0"," "," 0.00","I","999.9","000000"
"43295099999","2015-02-04","12.9666666","77.5833333","921.0","BANGALORE, IN","  70.2"," 8","  53.6"," 8","9999.9"," 0","914.0"," 8","  3.9"," 8","  2.2"," 8","  4.1","999.9","  83.5"," ","  59.0"," "," 0.00","I","999.9","000000"
"43295099999","2015-02-05","12.9666666","77.5833333","921.0","BANGALORE, IN","  72.6"," 8","  52.0"," 8","9999.9"," 0","912.6"," 8","  3.9"," 8","  2.2"," 8","  2.9","999.9","  84.9"," ","  62.2","*"," 0.00","I","999.9","000000"
"43295099999","2015-02-06","12.9666666","77.5833333","921.0","BANGALORE, IN","  73.0"," 8","  52.5"," 8","9999.9"," 0","912.5"," 8","  4.3"," 8","  1.8"," 8","  4.1","999.9","  86.4"," ","  60.6"," "," 0.00","I","999.9","000000"
"43295099999","2015-02-07","12.9666666","77.5833333","921.0","BANGALORE, IN","  72.1"," 8","  51.4"," 8","9999.9"," 0","912.0"," 8","  3.9"," 8","  2.2"," 8","  2.9","999.9","  86.4"," ","  61.3"," "," 0.00","I","999.9","000000"
"43295099999","2015-02-08","12.9666666","77.5833333","921.0","BANGALORE, IN","  72.9"," 8","  53.2"," 8","9999.9"," 0","911.4"," 8","  3.9"," 8","  2.0"," 8","  5.1","999.9","  87.1"," ","  60.3"," "," 0.00","I","999.9","000000"
"43295099999","2015-02-09","12.9666666","77.5833333","921.0","BANGALORE, IN","  72.0"," 8","  54.5"," 8","9999.9"," 0","911.6"," 8","  3.9"," 8","  1.8"," 8","  2.9","999.9","  87.1"," ","  59.9"," "," 0.00","I","999.9","000000"
"43295099999","2015-02-10","12.9666666","77.5833333","921.0","BANGALORE, IN","  70.7"," 8","  53.0"," 8","9999.9"," 0","912.1"," 8","  4.3"," 8","  1.9"," 8","  1.9","999.9","  86.2"," ","  57.9"," "," 0.00","I","999.9","000000"
"43295099999","2015-02-11","12.9666666","77.5833333","921.0","BANGALORE, IN","  73.3"," 8","  55.5"," 8","9999.9"," 0","911.5"," 8","  3.9"," 8","  1.7"," 8","  2.9","999.9","  87.1"," ","  60.4"," "," 0.00","I","999.9","000000"
"43295099999","2015-02-12","12.9666666","77.5833333","921.0","BANGALORE, IN","  74.7"," 8","  57.4"," 8","9999.9"," 0","911.0"," 8","  3.9"," 8","  1.8"," 8","  2.9","999.9","  88.0"," ","  64.8"," "," 0.00","I","999.9","000000"
"43295099999","2015-02-13","12.9666666","77.5833333","921.0","BANGALORE, IN","  75.2"," 8","  55.2"," 8","9999.9"," 0","911.0"," 8","  4.3"," 8","  0.7"," 8","  1.9","999.9","  89.6"," ","  63.9"," "," 0.00","I","999.9","000000"
"43295099999","2015-02-14","12.9666666","77.5833333","921.0","BANGALORE, IN","  76.5"," 8","  52.2"," 8","9999.9"," 0","910.2"," 8","  3.9"," 8","  0.5"," 8","  1.9","999.9","  90.9"," ","  64.2"," "," 0.00","I","999.9","000000"
"43295099999","2015-02-15","12.9666666","77.5833333","921.0","BANGALORE, IN","  76.7"," 8","  44.6"," 8","9999.9"," 0","910.5"," 8","  3.9"," 8","  0.5"," 8","  1.9","999.9","  91.4"," ","  61.7"," "," 0.00","I","999.9","000000"
"43295099999","2015-02-16","12.9666666","77.5833333","921.0","BANGALORE, IN","  75.9"," 8","  46.7"," 8","9999.9"," 0","911.3"," 8","  3.9"," 8","  0.7"," 8","  1.9","999.9","  91.4"," ","  63.3"," "," 0.00","I","999.9","000000"
"43295099999","2015-02-17","12.9666666","77.5833333","921.0","BANGALORE, IN","  75.5"," 8","  46.3"," 8","9999.9"," 0","911.2"," 8","  3.9"," 8","  0.7"," 8","  1.9","999.9","  90.7"," ","  62.1"," "," 0.00","I","999.9","000000"
"43295099999","2015-02-18","12.9666666","77.5833333","921.0","BANGALORE, IN","  77.0"," 8","  50.8"," 8","9999.9"," 0","910.0"," 8","  3.9"," 8","  0.6"," 8","  2.9","999.9","  91.6"," ","  62.6"," "," 0.00","I","999.9","000000"
"43295099999","2015-02-19","12.9666666","77.5833333","921.0","BANGALORE, IN","  76.0"," 8","  49.6"," 8","9999.9"," 0","910.3"," 8","  3.9"," 8","  1.0"," 8","  1.9","999.9","  91.6"," ","  65.5"," "," 0.00","I","999.9","000000"
"43295099999","2015-02-20","12.9666666","77.5833333","921.0","BANGALORE, IN","  75.3"," 8","  47.3"," 8","9999.9"," 0","910.9"," 8","  4.3"," 8","  1.8"," 8","  6.0","999.9","  89.8"," ","  62.4"," "," 0.00","I","999.9","000000"
"43295099999","2015-02-21","12.9666666","77.5833333","921.0","BANGALORE, IN","  74.5"," 8","  49.6"," 8","9999.9"," 0","911.1"," 8","  4.3"," 8","  1.7"," 8","  2.9","999.9","  89.1"," ","  63.1"," "," 0.00","I","999.9","000000"
"43295099999","2015-02-22","12.9666666","77.5833333","921.0","BANGALORE, IN","  74.5"," 8","  47.4"," 8","9999.9"," 0","911.8"," 8","  4.3"," 8","  1.2"," 8","  4.1","999.9","  88.2"," ","  62.8"," "," 0.00","I","999.9","000000"
"43295099999","2015-02-23","12.9666666","77.5833333","921.0","BANGALORE, IN","  74.7"," 8","  41.7"," 8","9999.9"," 0","912.1"," 8","  4.3"," 8","  0.7"," 8","  2.9","999.9","  87.6"," ","  62.6","*"," 0.00","I","999.9","000000"
"43295099999","2015-02-24","12.9666666","77.5833333","921.0","BANGALORE, IN","  74.4"," 8","  36.2"," 8","9999.9"," 0","910.6"," 8","  4.3"," 8","  0.6"," 8","  2.9","999.9","  88.9"," ","  60.4"," "," 0.00","I","999.9","000000"
"43295099999","2015-02-25","12.9666666","77.5833333","921.0","BANGALORE, IN","  76.2"," 8","  40.2"," 8","9999.9"," 0","909.2"," 8","  4.3"," 8","  0.5"," 8","  1.9","999.9","  90.3"," ","  62.6"," "," 0.00","I","999.9","000000"
"43295099999","2015-02-26","12.9666666","77.5833333","921.0","BANGALORE, IN","  78.0"," 8","  53.5"," 8","9999.9"," 0","908.6"," 8","  4.3"," 8","  1.2"," 8","  2.9","999.9","  92.3"," ","  63.0"," "," 0.00","I","999.9","000000"
"43295099999","2015-02-27","12.9666666","77.5833333","921.0","BANGALORE, IN","  78.8"," 8","  56.2"," 8","9999.9"," 0","908.9"," 8","  4.3"," 8","  1.9"," 8","  2.9","999.9","  92.5"," ","  68.2"," "," 0.00","I","999.9","000000"
"43295099999","2015-02-28","12.9666666","77.5833333","921.0","BANGALORE, IN","  76.9"," 8","  63.7"," 8","9999.9"," 0","908.9"," 8","  4.3"," 8","  1.2"," 8","  1.9","999.9","  92.5"," ","  70.5"," "," 0.02","E","999.9","010000"
"43295099999","2015-03-01","12.9666666","77.5833333","921.0","BANGALORE, IN","  77.3"," 8","  63.3"," 8","9999.9"," 0","909.4"," 8","  4.3"," 8","  2.0"," 8","  4.1","999.9","  90.7"," ","  69.4"," "," 0.00","E","999.9","010000"
"43295099999","2015-03-02","12.9666666","77.5833333","921.0","BANGALORE, IN","  78.4"," 8","  64.3"," 8","9999.9"," 0","910.9"," 8","  4.3"," 8","  1.2"," 8","  1.9","999.9","  90.7"," ","  70.5"," "," 0.00","I","999.9","000000"
"43295099999","2015-03-03","12.9666666","77.5833333","921.0","BANGALORE, IN","  74.1"," 8","  66.3"," 8","9999.9"," 0","910.3"," 8","  3.9"," 8","  1.0"," 8","  1.9","999.9","  90.3"," ","  67.8"," "," 0.87","G","999.9","010010"
"43295099999","2015-03-04","12.9666666","77.5833333","921.0","BANGALORE, IN","  75.3"," 8","  64.7"," 8","9999.9"," 0","910.3"," 8","  4.3"," 8","  0.8"," 8","  2.9","999.9","  89.1"," ","  67.8"," "," 0.54","G","999.9","000000"
"43295099999","2015-03-05","12.9666666","77.5833333","921.0","BANGALORE, IN","  78.3"," 8","  63.3"," 8","9999.9"," 0","910.8"," 8","  4.3"," 8","  1.1"," 8","  2.9","999.9","  90.0"," ","  68.4"," "," 0.00","G","999.9","000000"
"43295099999","2015-03-06","12.9666666","77.5833333","921.0","BANGALORE, IN","  76.2"," 7","  64.8"," 7","9999.9"," 0","912.2"," 7","  4.6"," 7","  1.0"," 7","  2.9","999.9","  90.0"," ","  70.5"," "," 0.02","E","999.9","000000"
"43295099999","2015-03-07","12.9666666","77.5833333","921.0","BANGALORE, IN","  77.8"," 8","  64.8"," 8","9999.9"," 0","911.5"," 8","  4.3"," 8","  1.5"," 8","  2.9","999.9","  88.5"," ","  70.3","*"," 0.00","I","999.9","000000"
"43295099999","2015-03-08","12.9666666","77.5833333","921.0","BANGALORE, IN","  77.6"," 8","  62.3"," 8","9999.9"," 0","911.9"," 8","  4.3"," 8","  1.8"," 8","  2.9","999.9","  88.7"," ","  68.2"," "," 0.00","I","999.9","000000"
"43295099999","2015-03-09","12.9666666","77.5833333","921.0","BANGALORE, IN","  76.1"," 8","  63.7"," 8","9999.9"," 0","913.0"," 8","  4.3"," 8","  1.2"," 8","  1.9","999.9","  88.7"," ","  67.3"," "," 0.00","I","999.9","000000"
"43295099999","2015-03-10","12.9666666","77.5833333","921.0","BANGALORE, IN","  76.6"," 8","  55.1"," 8","9999.9"," 0","912.5"," 8","  4.3"," 8","  1.6"," 8","  2.9","999.9","  89.1"," ","  66.9","*"," 0.00","I","999.9","000000"
"43295099999","2015-03-11","12.9666666","77.5833333","921.0","BANGALORE, IN","  75.4"," 8","  56.6"," 8","9999.9"," 0","912.2"," 8","  3.9"," 8","  1.2"," 8","  1.9","999.9","  89.1"," ","  62.1"," "," 0.00","I","999.9","000000"
"43295099999","2015-03-12","12.9666666","77.5833333","921.0","BANGALORE, IN","  75.4"," 8","  60.6"," 8","9999.9"," 0","912.4"," 8","  4.3"," 8","  1.7"," 8","  4.1","999.9","  87.4"," ","  65.5"," "," 0.00","I","999.9","000000"
"43295099999","2015-03-13","12.9666666","77.5833333","921.0","BANGALORE, IN","  76.1"," 8","  58.2"," 8","9999.9"," 0","912.0"," 8","  4.3"," 8","  2.1"," 8","  2.9","999.9","  88.2"," ","  65.5"," "," 0.00","I","999.9","000000"
"43295099999","2015-03-14","12.9666666","77.5833333","921.0","BANGALORE, IN","  77.2"," 8","  55.8"," 8","9999.9"," 0","912.5"," 8","  4.3"," 8","  1.0"," 8","  1.9","999.9","  90.9"," ","  65.1"," "," 0.00","I","999.9","000000"
"43295099999","2015-03-15","12.9666666","77.5833333","921.0","BANGALORE, IN","  78.5"," 8","  60.8"," 8","9999.9"," 0","912.4"," 8","  4.3"," 8","  1.6"," 8","  2.9","999.9","  90.9"," ","  68.7"," "," 0.00","I","999.9","000000"
"43295099999","2015-03-16","12.9666666","77.5833333","921.0","BANGALORE, IN","  78.3"," 8","  57.1"," 8","9999.9"," 0","912.8"," 8","  4.3"," 8","  1.7"," 8","  4.1","999.9","  90.5"," ","  67.8"," "," 0.00","I","999.9","000000"
"43295099999","2015-03-17","12.9666666","77.5833333","921.0","BANGALORE, IN","  79.2"," 8","  48.8"," 8","9999.9"," 0","911.6"," 8","  4.3"," 8","  1.2"," 8","  1.9","999.9","  92.1"," ","  65.7"," "," 0.00","I","999.9","000000"
"43295099999","2015-03-18","12.9666666","77.5833333","921.0","BANGALORE, IN","  79.0"," 8","  51.3"," 8","9999.9"," 0","910.1"," 8","  4.3"," 8","  1.1"," 8","  2.9","999.9","  95.2"," ","  65.3"," "," 0.00","I","999.9","000000"
"43295099999","2015-03-19","12.9666666","77.5833333","921.0","BANGALORE, IN","  79.7"," 8","  55.6"," 8","9999.9"," 0","910.5"," 8","  4.3"," 8","  1.2"," 8","  2.9","999.9","  95.2"," ","  67.3"," "," 0.00","I","999.9","000000"
"43295099999","2015-03-20","12.9666666","77.5833333","921.0","BANGALORE, IN","  80.4"," 8","  41.7"," 8","9999.9"," 0","911.6"," 8","  4.3"," 8","  1.1"," 8","  2.9","999.9","  94.5"," ","  67.1"," "," 0.00","I","999.9","000000"
"43295099999","2015-03-21","12.9666666","77.5833333","921.0","BANGALORE, IN","  80.7"," 8","  43.2"," 8","9999.9"," 0","912.5"," 8","  4.3"," 8","  0.0"," 8","999.9","999.9","  94.5"," ","  67.3"," "," 0.00","I","999.9","000000"
"43295099999","2015-03-22","12.9666666","77.5833333","921.0","BANGALORE, IN","  82.8"," 8","  45.0"," 8","9999.9"," 0","911.6"," 8","  4.3"," 8","  0.5"," 8","  1.9","999.9","  96.4"," ","  66.7"," "," 0.00","I","999.9","000000"
"43295099999","2015-03-23","12.9666666","77.5833333","921.0","BANGALORE, IN","  82.7"," 8","  57.1"," 8","9999.9"," 0","910.3"," 8","  3.9"," 8","  1.0"," 8","  1.9","999.9","  96.4"," ","  72.3"," "," 0.00","I","999.9","000000"
"43295099999","2015-03-24","12.9666666","77.5833333","921.0","BANGALORE, IN","  83.2"," 8","  58.6"," 8","9999.9"," 0","909.5"," 8","  3.9"," 8","  1.0"," 8","  1.9","999.9","  96.4"," ","  73.4"," "," 0.00","I","999.9","000000"
"43295099999","2015-03-25","12.9666666","77.5833333","921.0","BANGALORE, IN","  82.3"," 8","  57.6"," 8","9999.9"," 0","910.1"," 8","  3.9"," 8","  1.6"," 8","  2.9","999.9","  96.4"," ","  72.1"," "," 0.00","I","999.9","000000"
"43295099999","2015-03-26","12.9666666","77.5833333","921.0","BANGALORE, IN","  80.6"," 8","  58.2"," 8","9999.9"," 0","911.6"," 8","  3.9"," 8","  1.5"," 8","  1.9","999.9","  94.1"," ","  69.8"," "," 0.00","I","999.9","000000"
"43295099999","2015-03-27","12.9666666","77.5833333","921.0","BANGALORE, IN","  79.3"," 8","  57.0"," 8","9999.9"," 0","911.8"," 8","  3.9"," 8","  1.2"," 8","  1.9","999.9","  94.1"," ","  67.8"," "," 0.00","I","999.9","000000"
"43295099999","2015-03-28","12.9666666","77.5833333","921.0","BANGALORE, IN","  80.1"," 8","  56.9"," 8","9999.9"," 0","910.8"," 8","  4.3"," 8","  0.7"," 8","  1.9","999.9","  94.1"," ","  68.2"," "," 0.00","I","999.9","000000"
"43295099999","2015-03-29","12.9666666","77.5833333","921.0","BANGALORE, IN","  80.9"," 8","  55.5"," 8","9999.9"," 0","909.6"," 8","  4.3"," 8","  0.5"," 8","  1.9","999.9","  94.3"," ","  68.4"," "," 0.00","I","999.9","000000"
"43295099999","2015-03-30","12.9666666","77.5833333","921.0","BANGALORE, IN","  81.6"," 7","  56.2"," 7","9999.9"," 0","909.4"," 7","  4.6"," 7","  0.8"," 7","  1.9","999.9","  94.3"," ","  70.3"," "," 0.00","I","999.9","000000"
"43295099999","2015-03-31","12.9666666","77.5833333","921.0","BANGALORE, IN","  79.7"," 8","  63.7"," 8","9999.9"," 0","909.9"," 8","  4.3"," 8","  1.0"," 8","  1.9","999.9","  92.8"," ","  72.1"," "," 0.00","E","999.9","000000"
"43295099999","2015-04-01","12.9666666","77.5833333","921.0","BANGALORE, IN","  80.5"," 8","  63.3"," 8","9999.9"," 0","909.6"," 8","  4.3"," 8","  1.2"," 8","  1.9","999.9","  92.1"," ","  70.9"," "," 0.05","G","999.9","000000"
"43295099999","2015-04-02","12.9666666","77.5833333","921.0","BANGALORE, IN","  82.3"," 8","  63.2"," 8","9999.9"," 0","908.5"," 8","  4.3"," 8","  1.3"," 8","  2.9","999.9","  95.2"," ","  72.3"," "," 0.00","G","999.9","000000"
"43295099999","2015-04-03","12.9666666","77.5833333","921.0","BANGALORE, IN","  82.4"," 8","  63.8"," 8","9999.9"," 0","907.4"," 8","  4.3"," 8","  1.5"," 8","  1.9","999.9","  95.2"," ","  73.0"," "," 0.00","E","999.9","000000"
"43295099999","2015-04-04","12.9666666","77.5833333","921.0","BANGALORE, IN","  84.2"," 8","  61.8"," 8","9999.9"," 0","906.0"," 8","  4.3"," 8","  0.5"," 8","  1.9","999.9","  97.0"," ","  73.4"," "," 0.00","G","999.9","000000"
"43295099999","2015-04-05","12.9666666","77.5833333","921.0","BANGALORE, IN","  86.6"," 8","  63.7"," 8","9999.9"," 0","906.5"," 8","  4.3"," 8","  1.7"," 8","  2.9","999.9","  97.7"," ","  77.7"," "," 0.00","E","999.9","000000"
"43295099999","2015-04-06","12.9666666","77.5833333","921.0","BANGALORE, IN","  84.9"," 8","  64.9"," 8","9999.9"," 0","907.1"," 8","  4.3"," 8","  0.5"," 8","  1.9","999.9","  97.7"," ","  76.6"," "," 0.00","G","999.9","000000"
"43295099999","2015-04-07","12.9666666","77.5833333","921.0","BANGALORE, IN","  84.1"," 8","  64.4"," 8","9999.9"," 0","907.8"," 8","  4.3"," 8","  0.8"," 8","  4.1","999.9","  95.9"," ","  72.9"," "," 0.00","I","999.9","000000"
"43295099999","2015-04-08","12.9666666","77.5833333","921.0","BANGALORE, IN","  82.7"," 8","  65.0"," 8","9999.9"," 0","908.8"," 8","  4.3"," 8","  1.7"," 8","  1.9","999.9","  95.9"," ","  75.4"," "," 0.00","I","999.9","000000"
"43295099999","2015-04-09","12.9666666","77.5833333","921.0","BANGALORE, IN","  82.5"," 8","  64.2"," 8","9999.9"," 0","909.6"," 8","  4.3"," 8","  2.2"," 8","  5.1","999.9","  95.0"," ","  73.4"," "," 0.00","I","999.9","000000"
"43295099999","2015-04-10","12.9666666","77.5833333","921.0","BANGALORE, IN","  83.2"," 8","  63.3"," 8","9999.9"," 0","909.8"," 8","  4.3"," 8","  0.7"," 8","  1.9","999.9","  95.0"," ","  75.0"," "," 0.00","I","999.9","000000"
"43295099999","2015-04-11","12.9666666","77.5833333","921.0","BANGALORE, IN","  78.6"," 8","  63.9"," 8","9999.9"," 0","910.4"," 8","  4.3"," 8","  1.2"," 8","  1.9","999.9","  95.0"," ","  69.8","*"," 0.98","E","999.9","010010"
"43295099999","2015-04-12","12.9666666","77.5833333","921.0","BANGALORE, IN","  72.8"," 8","  64.2"," 8","9999.9"," 0","911.7"," 8","  3.9"," 8","  1.2"," 8","  1.9","999.9","  93.9"," ","  68.0","*"," 0.20","E","999.9","010000"
"43295099999","2015-04-13","12.9666666","77.5833333","921.0","BANGALORE, IN","  70.3"," 8","  63.0"," 8","9999.9"," 0","911.1"," 8","  3.9"," 8","  0.7"," 8","  1.9","999.9","  84.2"," ","  65.8","*"," 0.47","E","999.9","010010"
"43295099999","2015-04-14","12.9666666","77.5833333","921.0","BANGALORE, IN","  73.8"," 8","  63.7"," 8","9999.9"," 0","909.4"," 8","  4.3"," 8","  0.4"," 8","  2.9","999.9","  86.9"," ","  64.6"," "," 0.35","E","999.9","000000"
"43295099999","2015-04-15","12.9666666","77.5833333","921.0","BANGALORE, IN","  73.8"," 8","  67.1"," 8","9999.9"," 0","909.8"," 8","  3.9"," 8","  0.8"," 8","  4.1","999.9","  86.9"," ","  67.6","*"," 0.00","H","999.9","010000"
"43295099999","2015-04-16","12.9666666","77.5833333","921.0","BANGALORE, IN","  76.1"," 8","  65.2"," 8","9999.9"," 0","910.8"," 8","  4.3"," 8","  1.0"," 8","  1.9","999.9","  86.9"," ","  65.8"," "," 0.75","G","999.9","010000"
"43295099999","2015-04-17","12.9666666","77.5833333","921.0","BANGALORE, IN","  75.5"," 8","  63.5"," 8","9999.9"," 0","909.5"," 8","  4.3"," 8","  0.5"," 8","  1.9","999.9","  86.9"," ","  66.7"," "," 0.17","G","999.9","010000"
"43295099999","2015-04-18","12.9666666","77.5833333","921.0","BANGALORE, IN","  77.9"," 8","  62.5"," 8","9999.9"," 0","908.0"," 8","  4.8"," 8","  0.2"," 8","  1.9","999.9","  88.3"," ","  67.8"," "," 0.32","G","999.9","000000"
"43295099999","2015-04-19","12.9666666","77.5833333","921.0","BANGALORE, IN","  80.2"," 8","  61.8"," 8","9999.9"," 0","908.2"," 8","  4.8"," 8","  0.0"," 8","999.9","999.9","  90.1"," ","  70.5"," "," 0.00","G","999.9","000000"
"43295099999","2015-04-20","12.9666666","77.5833333","921.0","BANGALORE, IN","  79.8"," 8","  65.5"," 8","9999.9"," 0","909.5"," 8","  4.3"," 8","  0.7"," 8","  1.9","999.9","  90.1"," ","  71.4"," "," 0.00","I","999.9","000000"
"43295099999","2015-04-21","12.9666666","77.5833333","921.0","BANGALORE, IN","  80.3"," 8","  66.5"," 8","9999.9"," 0","909.6"," 8","  4.3"," 8","  0.2"," 8","  1.9","999.9","  90.1"," ","  71.1"," "," 0.00","I","999.9","000000"
"43295099999","2015-04-22","12.9666666","77.5833333","921.0","BANGALORE, IN","  80.9"," 8","  66.1"," 8","9999.9"," 0","908.9"," 8","  4.3"," 8","  0.7"," 8","  1.9","999.9","  92.3"," ","  73.2"," "," 0.00","E","999.9","010000"
"43295099999","2015-04-23","12.9666666","77.5833333","921.0","BANGALORE, IN","  76.2"," 8","  67.2"," 8","9999.9"," 0","909.7"," 8","  4.3"," 8","  1.2"," 8","  8.0","999.9","  92.3"," ","  68.0","*"," 0.00","G","999.9","000000"
"43295099999","2015-04-24","12.9666666","77.5833333","921.0","BANGALORE, IN","  77.7"," 8","  64.0"," 8","9999.9"," 0","909.5"," 8","  4.3"," 8","  0.2"," 8","  1.9","999.9","  92.1"," ","  65.5"," "," 2.10","G","999.9","010000"
"43295099999","2015-04-25","12.9666666","77.5833333","921.0","BANGALORE, IN","  75.1"," 7","  64.5"," 7","9999.9"," 0","909.3"," 7","  4.1"," 7","  2.3"," 7"," 12.0","999.9","  92.1"," ","  67.6","*"," 1.40","G","999.9","010110"
"43295099999","2015-04-26","12.9666666","77.5833333","921.0","BANGALORE, IN","  74.7"," 8","  64.3"," 8","9999.9"," 0","909.2"," 8","  3.9"," 8","  0.2"," 8","  1.9","999.9","  88.3"," ","  66.6"," "," 1.41","G","999.9","010000"
"43295099999","2015-04-27","12.9666666","77.5833333","921.0","BANGALORE, IN","  77.9"," 8","  66.4"," 8","9999.9"," 0","910.2"," 8","  4.3"," 8","  0.7"," 8","  1.9","999.9","  88.0"," ","  69.4"," "," 0.20","G","999.9","000000"
"43295099999","2015-04-28","12.9666666","77.5833333","921.0","BANGALORE, IN","  79.6"," 8","  67.7"," 8","9999.9"," 0","909.5"," 8","  4.3"," 8","  1.0"," 8","  2.9","999.9","  90.7"," ","  72.3"," "," 0.00","G","999.9","010000"
"43295099999","2015-04-29","12.9666666","77.5833333","921.0","BANGALORE, IN","  77.1"," 8","  67.9"," 8","9999.9"," 0","909.5"," 8","  4.3"," 8","  0.5"," 8","  1.9","999.9","  91.4"," ","  70.2","*"," 0.00","G","999.9","010010"
"43295099999","2015-04-30","12.9666666","77.5833333","921.0","BANGALORE, IN","  74.8"," 8","  66.2"," 8","9999.9"," 0","910.1"," 7","  3.9"," 8","  0.7"," 8","  1.9","999.9","  92.1"," ","  68.7"," "," 0.24","G","999.9","010010"
"43295099999","2015-05-01","12.9666666","77.5833333","921.0","BANGALORE, IN","  80.2"," 8","  65.4"," 8","9999.9"," 0","908.8"," 8","  4.3"," 8","  1.0"," 8","  1.9","999.9","  92.8"," ","  68.2"," "," 0.38","G","999.9","000000"
"43295099999","2015-05-02","12.9666666","77.5833333","921.0","BANGALORE, IN","  76.1"," 8","  66.7"," 8","9999.9"," 0","909.1"," 8","  4.3"," 8","  1.2"," 8","  4.1","999.9","  92.8"," ","  68.7","*"," 0.00","G","999.9","010010"
"43295099999","2015-05-03","12.9666666","77.5833333","921.0","BANGALORE, IN","  78.3"," 8","  65.5"," 8","9999.9"," 0","908.6"," 8","  4.3"," 8","  1.0"," 8","  4.1","999.9","  91.9"," ","  68.0"," "," 0.48","G","999.9","000000"
"43295099999","2015-05-04","12.9666666","77.5833333","921.0","BANGALORE, IN","  79.2"," 8","  69.2"," 8","9999.9"," 0","908.6"," 8","  4.3"," 8","  1.0"," 8","  1.9","999.9","  89.6"," ","  72.5"," "," 0.00","G","999.9","010000"
"43295099999","2015-05-05","12.9666666","77.5833333","921.0","BANGALORE, IN","  80.1"," 8","  66.4"," 8","9999.9"," 0","908.0"," 8","  4.3"," 8","  1.0"," 8","  4.1","999.9","  88.7"," ","  70.0"," "," 0.00","G","999.9","000000"
"43295099999","2015-05-06","12.9666666","77.5833333","921.0","BANGALORE, IN","  78.3"," 8","  67.8"," 8","9999.9"," 0","907.7"," 8","  3.9"," 8","  0.2"," 8","  1.9","999.9","  88.7"," ","  72.9"," "," 0.00","I","999.9","000000"
"43295099999","2015-05-07","12.9666666","77.5833333","921.0","BANGALORE, IN","  79.8"," 8","  68.2"," 8","9999.9"," 0","908.3"," 8","  4.3"," 8","  0.7"," 8","  1.9","999.9","  87.4","*","  72.0"," "," 0.00","I","999.9","000000"
"43295099999","2015-05-08","12.9666666","77.5833333","921.0","BANGALORE, IN","  81.9"," 8","  66.9"," 8","9999.9"," 0","907.6"," 8","  4.3"," 8","  1.1"," 8","  2.9","999.9","  92.1"," ","  72.0"," "," 0.00","I","999.9","000000"
"43295099999","2015-05-09","12.9666666","77.5833333","921.0","BANGALORE, IN","  78.6"," 6","  64.4"," 6","9999.9"," 0","906.6"," 6","  3.7"," 6","  1.7"," 6","  4.1","999.9","  92.1"," ","  73.9"," "," 0.00","I","999.9","000000"
"43295099999","2015-05-10","12.9666666","77.5833333","921.0","BANGALORE, IN","  81.0"," 8","  69.7"," 8","9999.9"," 0","906.7"," 8","  4.3"," 8","  1.0"," 8","  1.9","999.9","  91.6"," ","  74.7"," "," 0.00","I","999.9","000000"
"43295099999","2015-05-11","12.9666666","77.5833333","921.0","BANGALORE, IN","  77.1"," 7","  68.2"," 7","9999.9"," 0","908.3"," 7","  3.6"," 7","  0.8"," 7","  1.9","999.9","  88.7"," ","  72.7","*"," 0.00","G","999.9","010000"
"43295099999","2015-05-12","12.9666666","77.5833333","921.0","BANGALORE, IN","  76.6"," 8","  66.8"," 8","9999.9"," 0","907.9"," 8","  3.4"," 8","  0.7"," 8","  1.9","999.9","  89.6"," ","  71.6","*"," 0.00","G","999.9","010000"
"43295099999","2015-05-13","12.9666666","77.5833333","921.0","BANGALORE, IN","  75.4"," 8","  65.5"," 8","9999.9"," 0","907.4"," 8","  4.3"," 8","  0.1"," 8","  1.0","999.9","  89.6"," ","  71.4"," "," 0.10","G","999.9","010000"
"43295099999","2015-05-14","12.9666666","77.5833333","921.0","BANGALORE, IN","  76.9"," 8","  66.7"," 8","9999.9"," 0","907.6"," 8","  4.3"," 8","  1.0"," 8","  1.9","999.9","  85.3"," ","  70.9"," "," 0.01","G","999.9","010000"
"43295099999","2015-05-15","12.9666666","77.5833333","921.0","BANGALORE, IN","  76.9"," 8","  68.9"," 8","9999.9"," 0","907.6"," 8","  3.9"," 8","  1.7"," 8","  4.1","999.9","  88.2"," ","  72.0"," "," 0.00","G","999.9","010000"
"43295099999","2015-05-16","12.9666666","77.5833333","921.0","BANGALORE, IN","  73.6"," 8","  69.2"," 8","9999.9"," 0","906.6"," 8","  3.4"," 8","  1.2"," 8","  4.1","999.9","  88.2"," ","  70.2","*"," 0.02","G","999.9","010110"
"43295099999","2015-05-17","12.9666666","77.5833333","921.0","BANGALORE, IN","  74.0"," 8","  68.2"," 8","9999.9"," 0","906.0"," 8","  4.2"," 8","  1.0"," 8","  4.1","999.9","  86.2"," ","  68.5"," "," 2.61","G","999.9","010010"
"43295099999","2015-05-18","12.9666666","77.5833333","921.0","BANGALORE, IN","  76.8"," 8","  70.2"," 8","9999.9"," 0","906.4"," 8","  4.3"," 8","  1.7"," 8","  5.1","999.9","  88.2"," ","  67.5"," "," 0.62","G","999.9","000000"
"43295099999","2015-05-19","12.9666666","77.5833333","921.0","BANGALORE, IN","  76.6"," 8","  69.3"," 8","9999.9"," 0","907.3"," 8","  3.9"," 8","  2.5"," 8","  6.0","999.9","  89.6"," ","  68.4","*"," 0.00","G","999.9","010010"
"43295099999","2015-05-20","12.9666666","77.5833333","921.0","BANGALORE, IN","  79.4"," 8","  71.2"," 8","9999.9"," 0","907.6"," 8","  4.3"," 8","  2.8"," 8","  4.1","999.9","  91.4"," ","  66.4"," "," 1.54","G","999.9","000000"
"43295099999","2015-05-21","12.9666666","77.5833333","921.0","BANGALORE, IN","  79.9"," 8","  71.5"," 8","9999.9"," 0","908.2"," 8","  4.3"," 8","  4.1"," 8","  9.9","999.9","  91.4"," ","  72.5"," "," 0.00","G","999.9","000000"
"43295099999","2015-05-22","12.9666666","77.5833333","921.0","BANGALORE, IN","  80.4"," 8","  71.8"," 8","9999.9"," 0","908.0"," 8","  4.3"," 8","  4.5"," 8","  8.0","999.9","  89.6"," ","  73.0"," "," 0.00","I","999.9","000000"
"43295099999","2015-05-23","12.9666666","77.5833333","921.0","BANGALORE, IN","  78.9"," 8","  69.0"," 8","9999.9"," 0","908.1"," 8","  4.3"," 8","  4.1"," 8","  6.0","999.9","  89.6"," ","  72.5"," "," 0.00","I","999.9","000000"
"43295099999","2015-05-24","12.9666666","77.5833333","921.0","BANGALORE, IN","  81.2"," 8","  70.0"," 8","9999.9"," 0","908.4"," 8","  4.3"," 8","  2.4"," 8","  4.1","999.9","  91.9"," ","  72.5"," "," 0.00","I","999.9","000000"
"43295099999","2015-05-25","12.9666666","77.5833333","921.0","BANGALORE, IN","  81.1"," 8","  67.2"," 8","9999.9"," 0","908.6"," 8","  3.9"," 8","  3.0"," 8","  5.1","999.9","  91.9"," ","  72.1"," "," 0.00","I","999.9","000000"
"43295099999","2015-05-26","12.9666666","77.5833333","921.0","BANGALORE, IN","  80.8"," 8","  68.4"," 8","9999.9"," 0","908.4"," 8","  3.9"," 8","  2.8"," 8","  5.1","999.9","  91.4"," ","  72.1"," "," 0.00","I","999.9","000000"
"43295099999","2015-05-27","12.9666666","77.5833333","921.0","BANGALORE, IN","  77.3"," 8","  67.8"," 8","9999.9"," 0","907.9"," 8","  4.3"," 8","  3.5"," 8","  5.1","999.9","  90.0"," ","  66.6","*"," 0.00","H","999.9","010000"
"43295099999","2015-05-28","12.9666666","77.5833333","921.0","BANGALORE, IN","  74.3"," 8","  68.4"," 8","9999.9"," 0","906.7"," 8","  3.9"," 8","  2.4"," 8","  5.1","999.9","  85.6"," ","  66.2"," "," 0.52","G","999.9","010010"
"43295099999","2015-05-29","12.9666666","77.5833333","921.0","BANGALORE, IN","  76.1"," 8","  68.4"," 8","9999.9"," 0","906.9"," 8","  3.9"," 8","  2.3"," 8","  4.1","999.9","  90.3"," ","  68.0","*"," 0.02","G","999.9","010010"
"43295099999","2015-05-30","12.9666666","77.5833333","921.0","BANGALORE, IN","  79.8"," 8","  68.5"," 8","9999.9"," 0","906.9"," 8","  4.3"," 8","  2.0"," 8","  4.1","999.9","  90.3"," ","  67.1"," "," 0.71","G","999.9","000000"
"43295099999","2015-05-31","12.9666666","77.5833333","921.0","BANGALORE, IN","  75.6"," 7","  69.3"," 7","9999.9"," 0","906.4"," 7","  4.1"," 7","  2.9"," 7","  5.1","999.9","  90.0"," ","  68.0","*"," 0.00","G","999.9","010110"
"43295099999","2015-06-01","12.9666666","77.5833333","921.0","BANGALORE, IN","  75.7"," 7","  68.1"," 7","9999.9"," 0","906.2"," 7","  4.1"," 7","  2.0"," 7","  4.1","999.9","  87.8"," ","  68.0","*"," 0.00","E","999.9","010000"
"43295099999","2015-06-02","12.9666666","77.5833333","921.0","BANGALORE, IN","  76.1"," 8","  68.9"," 8","9999.9"," 0","907.5"," 8","  4.3"," 8","  2.6"," 8","  4.1","999.9","  87.8"," ","  69.3"," "," 0.00","G","999.9","010010"
"43295099999","2015-06-03","12.9666666","77.5833333","921.0","BANGALORE, IN","  76.1"," 8","  69.8"," 8","9999.9"," 0","906.3"," 8","  4.3"," 8","  1.3"," 8","  2.9","999.9","  86.9"," ","  70.2"," "," 0.01","G","999.9","010000"
"43295099999","2015-06-04","12.9666666","77.5833333","921.0","BANGALORE, IN","  74.6"," 8","  69.2"," 8","9999.9"," 0","906.9"," 8","  3.9"," 8","  1.2"," 8","  4.1","999.9","  86.9"," ","  69.8","*"," 0.18","G","999.9","010010"
"43295099999","2015-06-05","12.9666666","77.5833333","921.0","BANGALORE, IN","  76.4"," 8","  70.2"," 8","9999.9"," 0","907.5"," 8","  3.2"," 8","  1.6"," 8","  4.1","999.9","  87.1"," ","  68.4"," "," 0.28","G","999.9","010000"
"43295099999","2015-06-06","12.9666666","77.5833333","921.0","BANGALORE, IN","  79.2"," 8","  70.1"," 8","9999.9"," 0","906.8"," 8","  4.3"," 8","  2.3"," 8","  2.9","999.9","  89.6"," ","  70.5"," "," 0.00","G","999.9","000000"
"43295099999","2015-06-07","12.9666666","77.5833333","921.0","BANGALORE, IN","  79.1"," 8","  66.3"," 8","9999.9"," 0","906.4"," 8","  4.3"," 8","  4.0"," 8","  8.0","999.9","  89.6"," ","  70.9"," "," 0.00","I","999.9","000000"
"43295099999","2015-06-08","12.9666666","77.5833333","921.0","BANGALORE, IN","  77.7"," 8","  67.8"," 8","9999.9"," 0","907.4"," 8","  4.3"," 8","  4.2"," 8","  8.0","999.9","  88.2"," ","  70.3"," "," 0.02","E","999.9","000000"
"43295099999","2015-06-09","12.9666666","77.5833333","921.0","BANGALORE, IN","  76.5"," 8","  68.4"," 8","9999.9"," 0","907.9"," 8","  4.3"," 8","  3.4"," 8","  5.1","999.9","  88.2"," ","  70.2"," "," 0.12","E","999.9","010000"
"43295099999","2015-06-10","12.9666666","77.5833333","921.0","BANGALORE, IN","  76.6"," 8","  68.3"," 8","9999.9"," 0","907.1"," 8","  3.9"," 8","  2.7"," 8","  4.1","999.9","  89.6"," ","  70.0"," "," 0.04","E","999.9","010000"
"43295099999","2015-06-11","12.9666666","77.5833333","921.0","BANGALORE, IN","  76.9"," 8","  69.1"," 8","9999.9"," 0","906.9"," 8","  4.3"," 8","  3.5"," 8","  6.0","999.9","  89.6"," ","  70.2"," "," 0.27","G","999.9","010000"
"43295099999","2015-06-12","12.9666666","77.5833333","921.0","BANGALORE, IN","  75.0"," 8","  67.7"," 8","9999.9"," 0","907.2"," 8","  3.9"," 8","  3.4"," 8","  4.1","999.9","  88.5"," ","  69.4"," "," 0.04","G","999.9","000000"
"43295099999","2015-06-13","12.9666666","77.5833333","921.0","BANGALORE, IN","  74.7"," 8","  68.0"," 8","9999.9"," 0","906.5"," 8","  4.3"," 8","  2.7"," 8","  4.1","999.9","  85.5"," ","  68.9"," "," 0.02","G","999.9","010000"
"43295099999","2015-06-14","12.9666666","77.5833333","921.0","BANGALORE, IN","  72.7"," 8","  67.7"," 8","9999.9"," 0","906.2"," 8","  4.3"," 8","  3.1"," 8","  6.0","999.9","  85.5"," ","  68.2"," "," 0.73","G","999.9","010000"
"43295099999","2015-06-15","12.9666666","77.5833333","921.0","BANGALORE, IN","  75.4"," 7","  65.8"," 7","9999.9"," 0","905.8"," 7","  3.6"," 7","  2.9"," 7","  6.0","999.9","  84.2"," ","  67.6","*"," 0.00","G","999.9","010000"
"43295099999","2015-06-16","12.9666666","77.5833333","921.0","BANGALORE, IN","  75.1"," 8","  67.4"," 8","9999.9"," 0","905.5"," 8","  4.3"," 8","  4.5"," 8","  6.0","999.9","  84.2"," ","  69.8"," "," 0.03","G","999.9","010000"
"43295099999","2015-06-17","12.9666666","77.5833333","921.0","BANGALORE, IN","  73.4"," 8","  65.2"," 8","9999.9"," 0","904.4"," 8","  3.4"," 8","  4.5"," 8","  6.0","999.9","  82.9"," ","  68.7"," "," 0.00","G","999.9","010000"
"43295099999","2015-06-18","12.9666666","77.5833333","921.0","BANGALORE, IN","  73.9"," 8","  65.1"," 8","9999.9"," 0","904.5"," 8","  3.9"," 8","  5.4"," 8","  8.0","999.9","  81.3"," ","  68.2"," "," 0.05","G","999.9","010000"
"43295099999","2015-06-19","12.9666666","77.5833333","921.0","BANGALORE, IN","  73.5"," 8","  68.1"," 8","9999.9"," 0","904.5"," 8","  3.4"," 8","  4.4"," 8","  8.0","999.9","  81.3"," ","  70.2"," "," 0.00","G","999.9","010000"
"43295099999","2015-06-20","12.9666666","77.5833333","921.0","BANGALORE, IN","  73.8"," 8","  67.2"," 8","9999.9"," 0","904.0"," 8","  3.9"," 8","  6.5"," 8","  8.9","999.9","  82.9"," ","  69.4"," "," 0.07","G","999.9","010000"
"43295099999","2015-06-21","12.9666666","77.5833333","921.0","BANGALORE, IN","  72.7"," 8","  67.9"," 8","9999.9"," 0","904.5"," 8","  3.4"," 8","  3.7"," 8","  6.0","999.9","  82.9"," ","  69.1"," "," 0.02","G","999.9","010000"
"43295099999","2015-06-22","12.9666666","77.5833333","921.0","BANGALORE, IN","  75.0"," 8","  67.8"," 8","9999.9"," 0","905.3"," 8","  4.3"," 8","  4.9"," 8","  8.0","999.9","  83.7"," ","  69.4"," "," 0.10","G","999.9","010000"
"43295099999","2015-06-23","12.9666666","77.5833333","921.0","BANGALORE, IN","  72.6"," 8","  68.4"," 8","9999.9"," 0","906.4"," 8","  3.9"," 8","  5.8"," 8","  9.9","999.9","  83.7"," ","  68.9"," "," 0.00","G","999.9","010000"
"43295099999","2015-06-24","12.9666666","77.5833333","921.0","BANGALORE, IN","  76.0"," 8","  68.0"," 8","9999.9"," 0","907.1"," 8","  4.3"," 8","  6.3"," 8","  9.9","999.9","  86.5"," ","  70.2","*"," 0.13","G","999.9","000000"
"43295099999","2015-06-25","12.9666666","77.5833333","921.0","BANGALORE, IN","  76.1"," 8","  68.8"," 8","9999.9"," 0","906.8"," 8","  4.3"," 8","  4.5"," 8","  6.0","999.9","  87.1"," ","  70.0"," "," 0.01","G","999.9","010000"
"43295099999","2015-06-26","12.9666666","77.5833333","921.0","BANGALORE, IN","  74.6"," 8","  68.5"," 8","9999.9"," 0","906.2"," 8","  4.3"," 8","  4.8"," 8","  6.0","999.9","  87.1"," ","  70.5","*"," 0.02","G","999.9","010000"
"43295099999","2015-06-27","12.9666666","77.5833333","921.0","BANGALORE, IN","  75.4"," 8","  67.2"," 8","9999.9"," 0","906.8"," 8","  4.3"," 8","  6.6"," 8","  9.9","999.9","  84.2"," ","  68.7"," "," 0.00","G","999.9","000000"
"43295099999","2015-06-28","12.9666666","77.5833333","921.0","BANGALORE, IN","  77.8"," 7","  67.9"," 7","9999.9"," 0","908.4"," 7","  4.6"," 7","  3.7"," 7","  4.1","999.9","  86.7"," ","  69.8"," "," 0.00","G","999.9","000000"
"43295099999","2015-06-29","12.9666666","77.5833333","921.0","BANGALORE, IN","  75.9"," 8","  67.5"," 8","9999.9"," 0","909.3"," 8","  4.3"," 8","  2.6"," 8","  4.1","999.9","  89.6"," ","  69.1"," "," 0.00","G","999.9","000000"
"43295099999","2015-06-30","12.9666666","77.5833333","921.0","BANGALORE, IN","  76.7"," 8","  68.3"," 8","9999.9"," 0","909.3"," 8","  4.3"," 8","  2.2"," 8","  2.9","999.9","  89.6"," ","  68.7"," "," 0.09","G","999.9","000000"
"43295099999","2015-07-01","12.9666666","77.5833333","921.0","BANGALORE, IN","  76.3"," 8","  66.4"," 8","9999.9"," 0","909.6"," 8","  4.3"," 8","  2.8"," 8","  4.1","999.9","  87.3"," ","  69.1"," "," 0.00","G","999.9","010000"
"43295099999","2015-07-02","12.9666666","77.5833333","921.0","BANGALORE, IN","  75.5"," 8","  66.9"," 8","9999.9"," 0","909.9"," 8","  3.9"," 8","  4.4"," 8","  8.0","999.9","  86.5"," ","  68.7"," "," 0.00","G","999.9","000000"
"43295099999","2015-07-03","12.9666666","77.5833333","921.0","BANGALORE, IN","  76.2"," 8","  68.0"," 8","9999.9"," 0","909.9"," 8","  3.9"," 8","  3.1"," 8","  4.1","999.9","  86.4"," ","  68.7"," "," 0.00","G","999.9","000000"
"43295099999","2015-07-04","12.9666666","77.5833333","921.0","BANGALORE, IN","  76.8"," 8","  67.7"," 8","9999.9"," 0","909.2"," 8","  4.3"," 8","  3.4"," 8","  6.0","999.9","  87.1"," ","  69.4"," "," 0.02","G","999.9","010000"
"43295099999","2015-07-05","12.9666666","77.5833333","921.0","BANGALORE, IN","  78.0"," 8","  66.9"," 8","9999.9"," 0","907.9"," 8","  4.3"," 8","  3.6"," 8","  5.1","999.9","  88.2"," ","  69.3"," "," 0.00","G","999.9","000000"
"43295099999","2015-07-06","12.9666666","77.5833333","921.0","BANGALORE, IN","  76.1"," 8","  64.0"," 8","9999.9"," 0","907.4"," 8","  4.3"," 8","  5.6"," 8","  8.0","999.9","  88.2"," ","  69.1"," "," 0.00","I","999.9","000000"
"43295099999","2015-07-07","12.9666666","77.5833333","921.0","BANGALORE, IN","  74.6"," 8","  65.9"," 8","9999.9"," 0","906.7"," 8","  4.3"," 8","  3.7"," 8","  6.0","999.9","  87.3"," ","  66.7"," "," 0.12","E","999.9","000000"
"43295099999","2015-07-08","12.9666666","77.5833333","921.0","BANGALORE, IN","  74.8"," 8","  66.7"," 8","9999.9"," 0","907.7"," 8","  4.3"," 8","  3.6"," 8","  8.0","999.9","  87.1"," ","  68.4"," "," 0.00","E","999.9","010000"
"43295099999","2015-07-09","12.9666666","77.5833333","921.0","BANGALORE, IN","  75.2"," 8","  67.7"," 8","9999.9"," 0","907.7"," 8","  3.9"," 8","  3.7"," 8","  6.0","999.9","  84.6"," ","  69.4","*"," 0.00","G","999.9","000000"
"43295099999","2015-07-10","12.9666666","77.5833333","921.0","BANGALORE, IN","  74.1"," 8","  67.5"," 8","9999.9"," 0","906.1"," 8","  3.0"," 8","  2.8"," 8","  4.1","999.9","  84.6"," ","  70.0"," "," 0.29","G","999.9","010000"
"43295099999","2015-07-11","12.9666666","77.5833333","921.0","BANGALORE, IN","  73.8"," 8","  69.0"," 8","9999.9"," 0","906.6"," 8","  3.4"," 8","  3.0"," 8","  5.1","999.9","  83.8"," ","  68.4"," "," 0.69","G","999.9","010000"
"43295099999","2015-07-12","12.9666666","77.5833333","921.0","BANGALORE, IN","  76.6"," 8","  67.8"," 8","9999.9"," 0","907.1"," 8","  4.3"," 8","  3.4"," 8","  5.1","999.9","  88.3"," ","  67.5"," "," 0.14","G","999.9","000000"
"43295099999","2015-07-13","12.9666666","77.5833333","921.0","BANGALORE, IN","  77.8"," 8","  67.7"," 8","9999.9"," 0","906.5"," 8","  4.3"," 8","  3.5"," 8","  6.0","999.9","  88.9"," ","  69.4"," "," 0.00","G","999.9","000000"
"43295099999","2015-07-14","12.9666666","77.5833333","921.0","BANGALORE, IN","  77.3"," 8","  68.2"," 8","9999.9"," 0","905.5"," 8","  4.3"," 8","  3.5"," 8","  6.0","999.9","  88.9"," ","  70.5"," "," 0.00","I","999.9","000000"
"43295099999","2015-07-15","12.9666666","77.5833333","921.0","BANGALORE, IN","  75.0"," 8","  67.5"," 8","9999.9"," 0","904.9"," 8","  4.3"," 8","  4.2"," 8","  6.0","999.9","  86.0"," ","  70.2","*"," 0.00","G","999.9","000000"
"43295099999","2015-07-16","12.9666666","77.5833333","921.0","BANGALORE, IN","  74.0"," 8","  67.8"," 8","9999.9"," 0","904.2"," 8","  3.9"," 8","  2.6"," 8","  5.1","999.9","  86.5"," ","  68.4"," "," 0.00","G","999.9","010000"
"43295099999","2015-07-17","12.9666666","77.5833333","921.0","BANGALORE, IN","  73.9"," 8","  68.5"," 8","9999.9"," 0","904.9"," 8","  3.4"," 8","  4.1"," 8","  6.0","999.9","  86.5"," ","  68.7"," "," 0.37","G","999.9","000000"
"43295099999","2015-07-18","12.9666666","77.5833333","921.0","BANGALORE, IN","  73.3"," 8","  67.6"," 8","9999.9"," 0","905.9"," 8","  3.4"," 8","  3.1"," 8","  6.0","999.9","  82.6"," ","  69.3"," "," 0.02","G","999.9","010000"
"43295099999","2015-07-19","12.9666666","77.5833333","921.0","BANGALORE, IN","  71.3"," 8","  66.7"," 8","9999.9"," 0","906.4"," 8","  3.0"," 8","  4.4"," 8","  8.0","999.9","  85.6"," ","  68.0","*"," 0.48","G","999.9","010000"
"43295099999","2015-07-20","12.9666666","77.5833333","921.0","BANGALORE, IN","  72.7"," 8","  67.7"," 8","9999.9"," 0","905.1"," 8","  3.3"," 8","  3.3"," 8","  5.1","999.9","  84.2"," ","  65.8"," "," 0.08","G","999.9","010000"
"43295099999","2015-07-21","12.9666666","77.5833333","921.0","BANGALORE, IN","  72.3"," 8","  68.5"," 8","9999.9"," 0","905.5"," 8","  3.4"," 8","  2.3"," 8","  5.1","999.9","  84.2"," ","  68.2"," "," 1.03","G","999.9","010010"
"43295099999","2015-07-22","12.9666666","77.5833333","921.0","BANGALORE, IN","  73.5"," 8","  68.0"," 8","9999.9"," 0","906.1"," 8","  4.3"," 8","  4.1"," 8","  8.0","999.9","  84.4"," ","  68.2"," "," 0.29","G","999.9","010000"
"43295099999","2015-07-23","12.9666666","77.5833333","921.0","BANGALORE, IN","  75.0"," 8","  68.6"," 8","9999.9"," 0","906.9"," 8","  4.3"," 8","  2.9"," 8","  5.1","999.9","  84.4"," ","  68.0"," "," 0.13","G","999.9","010000"
"43295099999","2015-07-24","12.9666666","77.5833333","921.0","BANGALORE, IN","  74.9"," 8","  67.2"," 8","9999.9"," 0","908.2"," 8","  4.3"," 8","  3.2"," 8","  5.1","999.9","  84.0"," ","  68.7"," "," 0.00","G","999.9","000000"
"43295099999","2015-07-25","12.9666666","77.5833333","921.0","BANGALORE, IN","  73.7"," 8","  68.3"," 8","9999.9"," 0","907.9"," 8","  4.3"," 8","  3.3"," 8","  6.0","999.9","  82.6"," ","  68.2"," "," 0.04","E","999.9","010000"
"43295099999","2015-07-26","12.9666666","77.5833333","921.0","BANGALORE, IN","  73.9"," 8","  67.1"," 8","9999.9"," 0","908.1"," 8","  4.3"," 8","  3.4"," 8","  5.1","999.9","  82.0"," ","  68.7"," "," 0.00","E","999.9","010000"
"43295099999","2015-07-27","12.9666666","77.5833333","921.0","BANGALORE, IN","  74.1"," 8","  67.3"," 8","9999.9"," 0","909.3"," 8","  3.4"," 8","  4.5"," 8","  6.0","999.9","  82.4"," ","  69.4","*"," 0.00","G","999.9","010000"
"43295099999","2015-07-28","12.9666666","77.5833333","921.0","BANGALORE, IN","  75.4"," 8","  66.2"," 8","9999.9"," 0","909.6"," 8","  4.3"," 8","  3.4"," 8","  5.1","999.9","  84.0"," ","  68.0"," "," 0.00","G","999.9","000000"
"43295099999","2015-07-29","12.9666666","77.5833333","921.0","BANGALORE, IN","  77.0"," 8","  64.1"," 8","9999.9"," 0","908.8"," 8","  4.3"," 8","  4.1"," 8","  6.0","999.9","  86.0"," ","  67.6"," "," 0.00","I","999.9","000000"
"43295099999","2015-07-30","12.9666666","77.5833333","921.0","BANGALORE, IN","  75.2"," 8","  65.0"," 8","9999.9"," 0","908.7"," 8","  4.3"," 8","  2.9"," 8","  4.1","999.9","  86.0"," ","  68.2"," "," 0.00","E","999.9","000000"
"43295099999","2015-07-31","12.9666666","77.5833333","921.0","BANGALORE, IN","  75.1"," 8","  67.1"," 8","9999.9"," 0","908.7"," 8","  4.3"," 8","  2.7"," 8","  4.1","999.9","  85.8"," ","  68.0"," "," 0.00","G","999.9","010000"
"43295099999","2015-08-01","12.9666666","77.5833333","921.0","BANGALORE, IN","  74.6"," 8","  66.7"," 8","9999.9"," 0","909.4"," 8","  4.3"," 8","  2.8"," 8","  4.1","999.9","  86.5"," ","  69.1"," "," 0.01","G","999.9","010000"
"43295099999","2015-08-02","12.9666666","77.5833333","921.0","BANGALORE, IN","  75.2"," 8","  66.6"," 8","9999.9"," 0","909.1"," 8","  4.3"," 8","  3.5"," 8","  5.1","999.9","  86.5"," ","  69.1"," "," 0.12","G","999.9","000000"
"43295099999","2015-08-03","12.9666666","77.5833333","921.0","BANGALORE, IN","  74.4"," 8","  66.9"," 8","9999.9"," 0","908.2"," 8","  3.9"," 8","  3.2"," 8","  6.0","999.9","  83.8"," ","  69.8"," "," 0.00","G","999.9","000000"
"43295099999","2015-08-04","12.9666666","77.5833333","921.0","BANGALORE, IN","  73.2"," 8","  67.0"," 8","9999.9"," 0","907.7"," 8","  3.9"," 8","  3.3"," 8","  5.1","999.9","  84.2"," ","  68.7","*"," 0.00","G","999.9","010000"
"43295099999","2015-08-05","12.9666666","77.5833333","921.0","BANGALORE, IN","  73.4"," 8","  66.8"," 8","9999.9"," 0","907.5"," 8","  4.3"," 8","  3.8"," 8","  5.1","999.9","  85.5"," ","  67.6"," "," 0.55","G","999.9","000000"
"43295099999","2015-08-06","12.9666666","77.5833333","921.0","BANGALORE, IN","  74.6"," 8","  66.2"," 8","9999.9"," 0","906.5"," 8","  4.3"," 8","  4.0"," 8","  6.0","999.9","  85.5"," ","  67.1"," "," 0.11","G","999.9","010000"
"43295099999","2015-08-07","12.9666666","77.5833333","921.0","BANGALORE, IN","  72.7"," 8","  67.1"," 8","9999.9"," 0","906.6"," 8","  3.4"," 8","  3.1"," 8","  5.1","999.9","  84.7"," ","  68.5"," "," 0.01","G","999.9","010000"
"43295099999","2015-08-08","12.9666666","77.5833333","921.0","BANGALORE, IN","  74.3"," 8","  67.6"," 8","9999.9"," 0","906.4"," 8","  3.9"," 8","  3.3"," 8","  4.1","999.9","  83.3"," ","  68.7","*"," 0.24","G","999.9","000000"
"43295099999","2015-08-09","12.9666666","77.5833333","921.0","BANGALORE, IN","  73.9"," 8","  67.5"," 8","9999.9"," 0","905.1"," 8","  4.3"," 8","  2.0"," 8","  4.1","999.9","  83.3"," ","  69.1"," "," 0.00","G","999.9","010000"
"43295099999","2015-08-10","12.9666666","77.5833333","921.0","BANGALORE, IN","  73.1"," 8","  68.6"," 8","9999.9"," 0","905.1"," 8","  4.3"," 8","  3.0"," 8","  5.1","999.9","  81.7"," ","  68.5"," "," 0.08","G","999.9","010000"
"43295099999","2015-08-11","12.9666666","77.5833333","921.0","BANGALORE, IN","  73.5"," 8","  68.1"," 8","9999.9"," 0","906.5"," 8","  4.3"," 8","  2.4"," 8","  2.9","999.9","  84.2"," ","  68.2"," "," 0.11","G","999.9","010010"
"43295099999","2015-08-12","12.9666666","77.5833333","921.0","BANGALORE, IN","  72.5"," 8","  67.8"," 8","9999.9"," 0","907.1"," 8","  4.3"," 8","  2.5"," 8","  5.1","999.9","  84.2"," ","  68.0"," "," 0.80","G","999.9","010000"
"43295099999","2015-08-13","12.9666666","77.5833333","921.0","BANGALORE, IN","  74.1"," 8","  68.7"," 8","9999.9"," 0","907.0"," 8","  4.3"," 8","  3.0"," 8","  5.1","999.9","  81.7"," ","  68.0"," "," 0.00","G","999.9","010000"
"43295099999","2015-08-14","12.9666666","77.5833333","921.0","BANGALORE, IN","  76.2"," 8","  68.8"," 8","9999.9"," 0","907.2"," 8","  3.9"," 8","  2.6"," 8","  5.1","999.9","  84.9"," ","  69.3"," "," 0.00","G","999.9","000000"
"43295099999","2015-08-15","12.9666666","77.5833333","921.0","BANGALORE, IN","  77.3"," 8","  67.4"," 8","9999.9"," 0","907.9"," 8","  4.3"," 8","  2.8"," 8","  5.1","999.9","  88.0"," ","  68.9"," "," 0.00","I","999.9","000000"
"43295099999","2015-08-16","12.9666666","77.5833333","921.0","BANGALORE, IN","  76.1"," 8","  69.5"," 8","9999.9"," 0","908.5"," 8","  4.3"," 8","  2.2"," 8","  2.9","999.9","  88.0"," ","  70.5","*"," 0.20","E","999.9","010010"
"43295099999","2015-08-17","12.9666666","77.5833333","921.0","BANGALORE, IN","  75.4"," 8","  69.0"," 8","9999.9"," 0","907.8"," 8","  4.3"," 8","  1.1"," 8","  2.9","999.9","  85.3"," ","  68.4"," "," 1.07","G","999.9","010000"
"43295099999","2015-08-18","12.9666666","77.5833333","921.0","BANGALORE, IN","  78.7"," 8","  69.1"," 8","9999.9"," 0","907.8"," 8","  4.8"," 8","  1.1"," 8","  4.1","999.9","  87.4"," ","  70.3"," "," 0.00","G","999.9","000000"
"43295099999","2015-08-19","12.9666666","77.5833333","921.0","BANGALORE, IN","  78.1"," 8","  70.8"," 8","9999.9"," 0","908.7"," 8","  4.3"," 8","  1.8"," 8","  2.9","999.9","  88.2"," ","  72.1"," "," 0.03","E","999.9","010000"
"43295099999","2015-08-20","12.9666666","77.5833333","921.0","BANGALORE, IN","  77.5"," 8","  68.8"," 8","9999.9"," 0","909.3"," 8","  3.9"," 8","  2.1"," 8","  5.1","999.9","  88.9"," ","  72.3"," "," 0.00","E","999.9","010010"
"43295099999","2015-08-21","12.9666666","77.5833333","921.0","BANGALORE, IN","  74.1"," 8","  67.6"," 8","9999.9"," 0","909.1"," 8","  4.3"," 8","  1.8"," 8","  6.0","999.9","  88.9"," ","  69.8","*"," 0.03","G","999.9","010010"
"43295099999","2015-08-22","12.9666666","77.5833333","921.0","BANGALORE, IN","  72.6"," 8","  67.5"," 8","9999.9"," 0","908.2"," 8","  4.3"," 8","  1.8"," 8","  4.1","999.9","  83.1"," ","  69.4"," "," 0.72","G","999.9","010000"
"43295099999","2015-08-23","12.9666666","77.5833333","921.0","BANGALORE, IN","  74.5"," 8","  67.5"," 8","9999.9"," 0","908.5"," 8","  4.3"," 8","  2.3"," 8","  2.9","999.9","  84.4"," ","  68.7"," "," 0.16","G","999.9","000000"
"43295099999","2015-08-24","12.9666666","77.5833333","921.0","BANGALORE, IN","  74.5"," 8","  65.7"," 8","9999.9"," 0","909.0"," 8","  4.3"," 8","  2.3"," 8","  5.1","999.9","  84.4"," ","  67.8"," "," 0.00","G","999.9","000000"
"43295099999","2015-08-25","12.9666666","77.5833333","921.0","BANGALORE, IN","  75.9"," 8","  64.3"," 8","9999.9"," 0","908.1"," 8","  4.3"," 8","  1.7"," 8","  4.1","999.9","  85.3"," ","  67.5"," "," 0.00","I","999.9","000000"
"43295099999","2015-08-26","12.9666666","77.5833333","921.0","BANGALORE, IN","  74.8"," 8","  64.9"," 8","9999.9"," 0","906.7"," 8","  3.9"," 8","  2.1"," 8","  4.1","999.9","  86.2"," ","  67.3"," "," 0.00","H","999.9","010000"
"43295099999","2015-08-27","12.9666666","77.5833333","921.0","BANGALORE, IN","  72.5"," 8","  68.0"," 8","9999.9"," 0","906.6"," 8","  3.9"," 8","  2.5"," 8","  4.1","999.9","  86.2"," ","  68.5"," "," 0.07","G","999.9","010000"
"43295099999","2015-08-28","12.9666666","77.5833333","921.0","BANGALORE, IN","  73.8"," 8","  64.7"," 8","9999.9"," 0","907.6"," 8","  3.9"," 8","  2.4"," 8","  4.1","999.9","  81.7"," ","  66.9"," "," 0.22","G","999.9","000000"
"43295099999","2015-08-29","12.9666666","77.5833333","921.0","BANGALORE, IN","  75.5"," 8","  67.1"," 8","9999.9"," 0","907.3"," 8","  4.3"," 8","  3.1"," 8","  4.1","999.9","  84.7"," ","  67.3"," "," 0.00","G","999.9","000000"
"43295099999","2015-08-30","12.9666666","77.5833333","921.0","BANGALORE, IN","  74.9"," 8","  66.7"," 8","9999.9"," 0","908.0"," 8","  3.9"," 8","  2.6"," 8","  4.1","999.9","  84.9"," ","  70.0"," "," 0.00","I","999.9","000000"
"43295099999","2015-08-31","12.9666666","77.5833333","921.0","BANGALORE, IN","  77.1"," 8","  66.3"," 8","9999.9"," 0","908.7"," 8","  4.3"," 8","  2.3"," 8","  2.9","999.9","  85.5"," ","  69.4"," ","99.99"," ","999.9","010000"
"43295099999","2015-09-01","12.9666666","77.5833333","921.0","BANGALORE, IN","  77.9"," 8","  65.8"," 8","9999.9"," 0","907.8"," 8","  4.8"," 8","  1.7"," 8","  2.9","999.9","  87.8"," ","  70.0"," "," 0.02","G","999.9","000000"
"43295099999","2015-09-02","12.9666666","77.5833333","921.0","BANGALORE, IN","  77.8"," 8","  66.0"," 8","9999.9"," 0","907.5"," 8","  4.3"," 8","  1.5"," 8","  2.9","999.9","  87.8"," ","  70.9"," "," 0.00","G","999.9","000000"
"43295099999","2015-09-03","12.9666666","77.5833333","921.0","BANGALORE, IN","  78.2"," 7","  67.9"," 7","9999.9"," 0","908.2"," 7","  4.1"," 7","  1.1"," 7","  1.9","999.9","  89.1"," ","  71.6"," ","99.99"," ","999.9","010000"
"43295099999","2015-09-04","12.9666666","77.5833333","921.0","BANGALORE, IN","  77.3"," 8","  67.6"," 8","9999.9"," 0","910.1"," 8","  4.3"," 8","  1.1"," 8","  4.1","999.9","  89.1"," ","  69.8","*"," 0.05","G","999.9","010010"
"43295099999","2015-09-05","12.9666666","77.5833333","921.0","BANGALORE, IN","  76.3"," 8","  68.4"," 8","9999.9"," 0","910.2"," 8","  4.3"," 8","  0.5"," 8","  1.9","999.9","  89.1"," ","  68.4"," "," 0.96","G","999.9","010000"
"43295099999","2015-09-06","12.9666666","77.5833333","921.0","BANGALORE, IN","  76.2"," 8","  68.5"," 8","9999.9"," 0","910.0"," 8","  4.3"," 8","  2.6"," 8","  4.1","999.9","  87.4"," ","  69.8","*"," 0.01","G","999.9","010010"
"43295099999","2015-09-07","12.9666666","77.5833333","921.0","BANGALORE, IN","  72.4"," 8","  68.4"," 8","9999.9"," 0","909.8"," 8","  3.7"," 8","  1.6"," 8","  2.9","999.9","  87.4"," ","  68.0"," "," 1.46","G","999.9","010010"
"43295099999","2015-09-08","12.9666666","77.5833333","921.0","BANGALORE, IN","  73.4"," 8","  67.5"," 8","9999.9"," 0","909.5"," 8","  4.3"," 8","  3.2"," 8","  4.1","999.9","  83.3"," ","  67.6"," "," 1.44","G","999.9","010000"
"43295099999","2015-09-09","12.9666666","77.5833333","921.0","BANGALORE, IN","  73.2"," 8","  67.4"," 8","9999.9"," 0","909.2"," 8","  4.3"," 8","  3.0"," 8","  5.1","999.9","  81.7"," ","  68.9"," "," 0.00","G","999.9","000000"
"43295099999","2015-09-10","12.9666666","77.5833333","921.0","BANGALORE, IN","  73.0"," 8","  66.6"," 7","9999.9"," 0","909.2"," 8","  4.3"," 8","  3.3"," 8","  5.1","999.9","  80.6"," ","  67.3"," "," 0.00","E","999.9","010000"
"43295099999","2015-09-11","12.9666666","77.5833333","921.0","BANGALORE, IN","  73.5"," 8","  65.6"," 8","9999.9"," 0","908.5"," 8","  3.4"," 8","  2.8"," 8","  4.1","999.9","  81.3"," ","  66.9"," "," 0.13","G","999.9","000000"
"43295099999","2015-09-12","12.9666666","77.5833333","921.0","BANGALORE, IN","  74.9"," 8","  65.2"," 8","9999.9"," 0","908.7"," 8","  4.3"," 8","  2.8"," 8","  5.1","999.9","  83.1"," ","  68.0"," "," 0.00","G","999.9","000000"
"43295099999","2015-09-13","12.9666666","77.5833333","921.0","BANGALORE, IN","  74.6"," 8","  66.1"," 8","9999.9"," 0","909.0"," 8","  4.8"," 8","  3.0"," 8","  5.1","999.9","  85.5"," ","  66.7"," "," 0.20","E","999.9","010000"
"43295099999","2015-09-14","12.9666666","77.5833333","921.0","BANGALORE, IN","  74.3"," 8","  66.3"," 8","9999.9"," 0","908.1"," 8","  3.9"," 8","  4.2"," 8","  6.0","999.9","  85.5"," ","  66.9"," "," 0.00","I","999.9","000000"
"43295099999","2015-09-15","12.9666666","77.5833333","921.0","BANGALORE, IN","  73.6"," 8","  65.1"," 8","9999.9"," 0","906.9"," 8","  3.9"," 8","  5.1"," 8","  9.9","999.9","  82.4"," ","  66.7"," "," 0.00","I","999.9","000000"
"43295099999","2015-09-16","12.9666666","77.5833333","921.0","BANGALORE, IN","  75.0"," 8","  65.3"," 8","9999.9"," 0","905.4"," 8","  4.3"," 8","  5.1"," 8","  6.0","999.9","  83.5"," ","  67.6"," "," 0.00","I","999.9","000000"
"43295099999","2015-09-17","12.9666666","77.5833333","921.0","BANGALORE, IN","  73.4"," 8","  66.6"," 8","9999.9"," 0","905.2"," 8","  3.9"," 8","  3.0"," 7","  6.0","999.9","  83.5"," ","  68.2"," "," 0.00","I","999.9","000000"
"43295099999","2015-09-18","12.9666666","77.5833333","921.0","BANGALORE, IN","  74.7"," 8","  67.1"," 8","9999.9"," 0","905.9"," 8","  4.3"," 8","  3.6"," 8","  4.1","999.9","  84.2"," ","  66.4"," "," 0.02","E","999.9","000000"
"43295099999","2015-09-19","12.9666666","77.5833333","921.0","BANGALORE, IN","  75.6"," 8","  67.5"," 8","9999.9"," 0","906.4"," 8","  3.9"," 8","  2.0"," 8","  6.0","999.9","  84.9"," ","  68.4"," "," 0.00","E","999.9","000000"
"43295099999","2015-09-20","12.9666666","77.5833333","921.0","BANGALORE, IN","  73.2"," 8","  67.7"," 8","9999.9"," 0","906.7"," 8","  3.4"," 8","  3.4"," 8","  6.0","999.9","  84.9"," ","  68.7","*"," 0.00","G","999.9","010000"
"43295099999","2015-09-21","12.9666666","77.5833333","921.0","BANGALORE, IN","  74.5"," 8","  66.7"," 8","9999.9"," 0","907.2"," 8","  4.3"," 8","  1.5"," 8","  4.1","999.9","  84.9"," ","  66.6"," "," 0.28","G","999.9","000000"
"43295099999","2015-09-22","12.9666666","77.5833333","921.0","BANGALORE, IN","  77.6"," 8","  66.8"," 8","9999.9"," 0","908.0"," 8","  3.9"," 8","  1.4"," 8","  4.1","999.9","  87.8"," ","  69.3"," "," 0.00","G","999.9","000000"
"43295099999","2015-09-23","12.9666666","77.5833333","921.0","BANGALORE, IN","  78.9"," 8","  67.2"," 8","9999.9"," 0","909.0"," 8","  4.3"," 8","  0.8"," 8","  2.9","999.9","  87.8"," ","  69.3"," "," 0.04","G","999.9","010000"
"43295099999","2015-09-24","12.9666666","77.5833333","921.0","BANGALORE, IN","  76.3"," 8","  69.1"," 8","9999.9"," 0","908.7"," 8","  3.9"," 8","  0.6"," 8","  1.9","999.9","  91.8"," ","  68.0","*"," 0.00","G","999.9","010010"
"43295099999","2015-09-25","12.9666666","77.5833333","921.0","BANGALORE, IN","  75.7"," 8","  67.4"," 8","9999.9"," 0","907.5"," 8","  4.3"," 8","  0.7"," 8","  1.9","999.9","  91.8"," ","  65.7"," "," 0.74","G","999.9","010000"
"43295099999","2015-09-26","12.9666666","77.5833333","921.0","BANGALORE, IN","  73.8"," 8","  67.8"," 8","9999.9"," 0","908.3"," 8","  4.3"," 8","  1.2"," 8","  2.9","999.9","  86.5"," ","  68.0"," "," 0.36","G","999.9","010000"
"43295099999","2015-09-27","12.9666666","77.5833333","921.0","BANGALORE, IN","  74.8"," 8","  67.5"," 8","9999.9"," 0","907.9"," 8","  3.7"," 8","  1.3"," 8","  2.9","999.9","  88.9"," ","  68.4","*"," 0.02","G","999.9","010010"
"43295099999","2015-09-28","12.9666666","77.5833333","921.0","BANGALORE, IN","  73.8"," 8","  69.3"," 8","9999.9"," 0","906.7"," 8","  3.9"," 8","  0.0"," 8","999.9","999.9","  88.9"," ","  67.5"," "," 1.37","G","999.9","010000"
"43295099999","2015-09-29","12.9666666","77.5833333","921.0","BANGALORE, IN","  76.3"," 8","  68.5"," 8","9999.9"," 0","907.1"," 8","  4.3"," 8","  0.4"," 8","  1.9","999.9","  85.5"," ","  69.1"," "," 0.33","G","999.9","010000"
"43295099999","2015-09-30","12.9666666","77.5833333","921.0","BANGALORE, IN","  74.6"," 8","  68.5"," 8","9999.9"," 0","908.5"," 8","  3.9"," 8","  0.4"," 8","  1.9","999.9","  85.5"," ","  70.3"," "," 0.03","G","999.9","010000"
"43295099999","2015-10-01","12.9666666","77.5833333","921.0","BANGALORE, IN","  76.1"," 8","  68.1"," 8","9999.9"," 0","909.2"," 8","  4.3"," 8","  1.1"," 8","  2.9","999.9","  86.0"," ","  69.8"," "," 0.02","G","999.9","000000"
"43295099999","2015-10-02","12.9666666","77.5833333","921.0","BANGALORE, IN","  76.3"," 8","  69.1"," 8","9999.9"," 0","910.6"," 8","  3.9"," 8","  1.9"," 8","  2.9","999.9","  86.0"," ","  71.1"," "," 0.10","G","999.9","010000"
"43295099999","2015-10-03","12.9666666","77.5833333","921.0","BANGALORE, IN","  76.4"," 8","  68.5"," 8","9999.9"," 0","910.9"," 8","  4.3"," 8","  2.1"," 8","  5.1","999.9","  85.6"," ","  70.3"," "," 0.01","G","999.9","010000"
"43295099999","2015-10-04","12.9666666","77.5833333","921.0","BANGALORE, IN","  73.8"," 8","  68.5"," 8","9999.9"," 0","910.5"," 8","  3.9"," 8","  1.5"," 8","  2.9","999.9","  85.3"," ","  68.4","*"," 0.13","G","999.9","010010"
"43295099999","2015-10-05","12.9666666","77.5833333","921.0","BANGALORE, IN","  72.1"," 8","  68.3"," 8","9999.9"," 0","909.1"," 8","  3.9"," 8","  1.2"," 8","  2.9","999.9","  84.2"," ","  68.0"," "," 0.43","G","999.9","010000"
"43295099999","2015-10-06","12.9666666","77.5833333","921.0","BANGALORE, IN","  74.0"," 8","  67.7"," 8","9999.9"," 0","908.1"," 8","  4.3"," 8","  1.3"," 8","  2.9","999.9","  83.3"," ","  67.1"," "," 0.19","G","999.9","010000"
"43295099999","2015-10-07","12.9666666","77.5833333","921.0","BANGALORE, IN","  75.6"," 8","  68.8"," 8","9999.9"," 0","908.6"," 8","  4.3"," 8","  2.1"," 8","  5.1","999.9","  86.4"," ","  68.5"," "," 0.26","G","999.9","010000"
"43295099999","2015-10-08","12.9666666","77.5833333","921.0","BANGALORE, IN","  75.2"," 8","  67.5"," 8","9999.9"," 0","908.8"," 8","  4.3"," 8","  1.9"," 8","  2.9","999.9","  86.4"," ","  69.6"," "," 0.17","G","999.9","000000"
"43295099999","2015-10-09","12.9666666","77.5833333","921.0","BANGALORE, IN","  75.8"," 8","  67.1"," 8","9999.9"," 0","908.9"," 8","  4.3"," 8","  3.9"," 8","  6.0","999.9","  84.9"," ","  69.1"," "," 0.00","G","999.9","000000"
"43295099999","2015-10-10","12.9666666","77.5833333","921.0","BANGALORE, IN","  75.4"," 8","  67.9"," 8","9999.9"," 0","909.6"," 8","  3.9"," 8","  3.0"," 8","  5.1","999.9","  85.1"," ","  68.9"," "," 0.00","I","999.9","000000"
"43295099999","2015-10-11","12.9666666","77.5833333","921.0","BANGALORE, IN","  74.3"," 8","  69.1"," 8","9999.9"," 0","910.6"," 8","  4.3"," 8","  1.0"," 8","  2.9","999.9","  85.1"," ","  70.3"," "," 0.31","E","999.9","010000"
"43295099999","2015-10-12","12.9666666","77.5833333","921.0","BANGALORE, IN","  76.1"," 8","  68.2"," 8","9999.9"," 0","910.9"," 8","  4.3"," 8","  0.4"," 8","  2.9","999.9","  84.9"," ","  68.7"," "," 0.00","I","999.9","000000"
"43295099999","2015-10-13","12.9666666","77.5833333","921.0","BANGALORE, IN","  77.3"," 8","  63.4"," 8","9999.9"," 0","910.9"," 8","  4.3"," 8","  1.0"," 8","  1.9","999.9","  87.8"," ","  70.2","*"," 0.00","I","999.9","000000"
"43295099999","2015-10-14","12.9666666","77.5833333","921.0","BANGALORE, IN","  77.2"," 8","  58.3"," 8","9999.9"," 0","911.2"," 8","  4.3"," 8","  1.2"," 8","  1.9","999.9","  89.8"," ","  67.3"," "," 0.00","I","999.9","000000"
"43295099999","2015-10-15","12.9666666","77.5833333","921.0","BANGALORE, IN","  77.4"," 8","  61.9"," 8","9999.9"," 0","910.7"," 8","  4.3"," 8","  0.4"," 8","  1.9","999.9","  89.8"," ","  67.5"," "," 0.00","I","999.9","000000"
"43295099999","2015-10-16","12.9666666","77.5833333","921.0","BANGALORE, IN","  78.0"," 8","  63.2"," 8","9999.9"," 0","911.1"," 7","  3.9"," 8","  0.6"," 8","  1.9","999.9","  88.7"," ","  68.4"," "," 0.00","I","999.9","000000"
"43295099999","2015-10-17","12.9666666","77.5833333","921.0","BANGALORE, IN","  76.1"," 7","  64.6"," 7","9999.9"," 0","911.4"," 7","  3.4"," 7","  1.1"," 7","  2.9","999.9","  88.5"," ","  69.8"," "," 0.00","I","999.9","000000"
"43295099999","2015-10-18","12.9666666","77.5833333","921.0","BANGALORE, IN","  77.9"," 8","  65.1"," 8","9999.9"," 0","911.9"," 8","  4.3"," 8","  1.2"," 8","  2.9","999.9","  89.2"," ","  69.1"," "," 0.00","I","999.9","000000"
"43295099999","2015-10-19","12.9666666","77.5833333","921.0","BANGALORE, IN","  78.0"," 8","  64.2"," 8","9999.9"," 0","911.3"," 8","  4.3"," 8","  1.9"," 8","  2.9","999.9","  89.2"," ","  69.1"," "," 0.00","I","999.9","000000"
"43295099999","2015-10-20","12.9666666","77.5833333","921.0","BANGALORE, IN","  77.9"," 8","  64.4"," 8","9999.9"," 0","909.9"," 8","  3.4"," 8","  1.1"," 8","  2.9","999.9","  88.5"," ","  70.7"," "," 0.00","I","999.9","000000"
"43295099999","2015-10-21","12.9666666","77.5833333","921.0","BANGALORE, IN","  76.8"," 8","  62.4"," 8","9999.9"," 0","909.6"," 8","  3.9"," 8","  1.1"," 8","  2.9","999.9","  87.1"," ","  70.5","*"," 0.00","I","999.9","000000"
"43295099999","2015-10-22","12.9666666","77.5833333","921.0","BANGALORE, IN","  76.6"," 8","  61.0"," 8","9999.9"," 0","910.4"," 8","  3.9"," 8","  0.7"," 8","  1.9","999.9","  88.2"," ","  68.0"," "," 0.00","I","999.9","000000"
"43295099999","2015-10-23","12.9666666","77.5833333","921.0","BANGALORE, IN","  76.2"," 8","  56.5"," 8","9999.9"," 0","910.1"," 8","  4.3"," 8","  0.7"," 8","  1.9","999.9","  88.2"," ","  65.1"," "," 0.00","I","999.9","000000"
"43295099999","2015-10-24","12.9666666","77.5833333","921.0","BANGALORE, IN","  76.6"," 8","  56.4"," 8","9999.9"," 0","909.9"," 8","  3.9"," 8","  0.5"," 8","  1.9","999.9","  89.2"," ","  67.5"," "," 0.00","I","999.9","000000"
"43295099999","2015-10-25","12.9666666","77.5833333","921.0","BANGALORE, IN","  75.6"," 8","  60.7"," 8","9999.9"," 0","910.7"," 8","  3.9"," 8","  1.9"," 8","  2.9","999.9","  89.2"," ","  64.0"," "," 0.00","I","999.9","000000"
"43295099999","2015-10-26","12.9666666","77.5833333","921.0","BANGALORE, IN","  76.0"," 8","  62.0"," 8","9999.9"," 0","911.4"," 8","  4.3"," 8","  1.6"," 8","  2.9","999.9","  85.6"," ","  68.0"," "," 0.00","I","999.9","000000"
"43295099999","2015-10-27","12.9666666","77.5833333","921.0","BANGALORE, IN","  76.0"," 8","  64.3"," 8","9999.9"," 0","910.9"," 8","  4.3"," 8","  0.5"," 8","  1.9","999.9","  85.3"," ","  69.1"," ","99.99"," ","999.9","010000"
"43295099999","2015-10-28","12.9666666","77.5833333","921.0","BANGALORE, IN","  74.6"," 8","  64.8"," 8","9999.9"," 0","910.5"," 8","  4.3"," 8","  1.5"," 8","  2.9","999.9","  86.9"," ","  69.1"," "," 0.00","G","999.9","000000"
"43295099999","2015-10-29","12.9666666","77.5833333","921.0","BANGALORE, IN","  75.7"," 8","  65.9"," 8","9999.9"," 0","910.0"," 8","  3.9"," 8","  1.1"," 8","  2.9","999.9","  86.9"," ","  67.5"," "," 0.24","G","999.9","000000"
"43295099999","2015-10-30","12.9666666","77.5833333","921.0","BANGALORE, IN","  76.0"," 8","  66.0"," 8","9999.9"," 0","909.0"," 8","  4.3"," 8","  1.1"," 8","  2.9","999.9","  87.4"," ","  68.9"," "," 0.00","G","999.9","000000"
"43295099999","2015-10-31","12.9666666","77.5833333","921.0","BANGALORE, IN","  76.5"," 8","  66.6"," 8","9999.9"," 0","909.0"," 8","  4.8"," 8","  0.7"," 8","  1.9","999.9","  87.4"," ","  69.1"," "," 0.00","I","999.9","000000"
"43295099999","2015-11-01","12.9666666","77.5833333","921.0","BANGALORE, IN","  74.2"," 8","  68.6"," 8","9999.9"," 0","909.9"," 8","  3.9"," 8","  0.0"," 8","999.9","999.9","  85.1"," ","  71.1"," "," 0.04","E","999.9","010000"
"43295099999","2015-11-02","12.9666666","77.5833333","921.0","BANGALORE, IN","  73.6"," 8","  68.1"," 8","9999.9"," 0","910.9"," 8","  3.4"," 8","  0.6"," 8","  2.9","999.9","  87.6"," ","  68.0","*"," 2.01","E","999.9","010010"
"43295099999","2015-11-03","12.9666666","77.5833333","921.0","BANGALORE, IN","  71.2"," 8","  67.3"," 8","9999.9"," 0","911.1"," 8","  3.9"," 8","  0.8"," 8","  2.9","999.9","  87.6"," ","  67.1"," "," 0.28","E","999.9","010010"
"43295099999","2015-11-04","12.9666666","77.5833333","921.0","BANGALORE, IN","  73.3"," 8","  68.3"," 8","9999.9"," 0","909.1"," 8","  3.4"," 8","  0.5"," 8","  1.9","999.9","  83.7"," ","  68.4"," "," 1.30","E","999.9","010000"
"43295099999","2015-11-05","12.9666666","77.5833333","921.0","BANGALORE, IN","  73.4"," 8","  66.0"," 8","9999.9"," 0","910.4"," 8","  4.3"," 8","  0.4"," 8","  1.9","999.9","  83.7"," ","  67.3"," "," 0.00","I","999.9","000000"
"43295099999","2015-11-06","12.9666666","77.5833333","921.0","BANGALORE, IN","  74.8"," 8","  64.9"," 8","9999.9"," 0","909.5"," 8","  3.9"," 8","  0.6"," 8","  1.9","999.9","  84.6"," ","  68.2"," "," 0.00","I","999.9","000000"
"43295099999","2015-11-07","12.9666666","77.5833333","921.0","BANGALORE, IN","  74.7"," 7","  63.9"," 7","9999.9"," 0","909.7"," 7","  4.1"," 7","  0.8"," 7","  1.9","999.9","  83.3"," ","  69.4","*"," 0.00","I","999.9","000000"
"43295099999","2015-11-08","12.9666666","77.5833333","921.0","BANGALORE, IN","  73.4"," 8","  65.3"," 8","9999.9"," 0","909.8"," 8","  3.9"," 8","  0.5"," 8","  1.9","999.9","  83.3"," ","  66.7"," "," 0.00","I","999.9","000000"
"43295099999","2015-11-09","12.9666666","77.5833333","921.0","BANGALORE, IN","  68.4"," 8","  66.0"," 8","9999.9"," 0","907.5"," 8","  2.5"," 8","  1.9"," 8","  2.9","999.9","  81.1"," ","  65.1","*"," 0.00","G","999.9","010000"
"43295099999","2015-11-10","12.9666666","77.5833333","921.0","BANGALORE, IN","  66.8"," 8","  66.0"," 8","9999.9"," 0","906.4"," 8","  2.0"," 8","  1.5"," 8","  4.1","999.9","  70.7"," ","  64.8"," "," 1.80","G","999.9","010000"
"43295099999","2015-11-11","12.9666666","77.5833333","921.0","BANGALORE, IN","  69.1"," 8","  68.0"," 8","9999.9"," 0","908.6"," 8","  2.3"," 8","  1.7"," 8","  2.9","999.9","  72.1"," ","  65.8"," "," 0.83","G","999.9","010000"
"43295099999","2015-11-12","12.9666666","77.5833333","921.0","BANGALORE, IN","  70.2"," 8","  67.5"," 8","9999.9"," 0","911.3"," 8","  4.3"," 8","  0.5"," 8","  1.9","999.9","  76.3"," ","  63.3","*"," 0.11","G","999.9","010000"
"43295099999","2015-11-13","12.9666666","77.5833333","921.0","BANGALORE, IN","  66.8"," 8","  62.9"," 8","9999.9"," 0","911.4"," 8","  3.9"," 8","  0.4"," 8","  1.9","999.9","  76.3"," ","  62.6"," "," 0.56","G","999.9","010000"
"43295099999","2015-11-14","12.9666666","77.5833333","921.0","BANGALORE, IN","  68.4"," 8","  60.3"," 8","9999.9"," 0","909.4"," 8","  3.4"," 8","  0.5"," 8","  1.9","999.9","  76.6"," ","  61.0"," "," 0.00","G","999.9","000000"
"43295099999","2015-11-15","12.9666666","77.5833333","921.0","BANGALORE, IN","  66.4"," 8","  63.0"," 8","9999.9"," 0","908.4"," 8","  2.5"," 8","  1.1"," 8","  2.9","999.9","  76.6"," ","  64.0","*"," 0.00","G","999.9","010000"
"43295099999","2015-11-16","12.9666666","77.5833333","921.0","BANGALORE, IN","  67.2"," 8","  64.6"," 8","9999.9"," 0","907.3"," 8","  3.0"," 8","  2.1"," 8","  2.9","999.9","  71.1"," ","  62.8"," "," 0.35","G","999.9","010000"
"43295099999","2015-11-17","12.9666666","77.5833333","921.0","BANGALORE, IN","  67.2"," 8","  65.1"," 8","9999.9"," 0","907.6"," 8","  3.0"," 8","  1.9"," 8","  2.9","999.9","  71.1"," ","  64.8"," "," 0.43","G","999.9","010000"
"43295099999","2015-11-18","12.9666666","77.5833333","921.0","BANGALORE, IN","  69.2"," 8","  66.5"," 8","9999.9"," 0","909.0"," 8","  2.5"," 8","  1.0"," 8","  2.9","999.9","  73.8"," ","  66.0"," "," 0.04","G","999.9","010000"
"43295099999","2015-11-19","12.9666666","77.5833333","921.0","BANGALORE, IN","  71.1"," 8","  67.8"," 8","9999.9"," 0","909.1"," 8","  2.5"," 8","  1.0"," 8","  1.9","999.9","  76.3"," ","  67.1"," "," 0.57","G","999.9","010000"
"43295099999","2015-11-20","12.9666666","77.5833333","921.0","BANGALORE, IN","  71.6"," 8","  67.4"," 8","9999.9"," 0","909.4"," 8","  3.6"," 8","  1.2"," 8","  2.9","999.9","  79.5"," ","  67.6","*"," 0.02","G","999.9","010000"
"43295099999","2015-11-21","12.9666666","77.5833333","921.0","BANGALORE, IN","  71.5"," 8","  66.8"," 8","9999.9"," 0","909.5"," 8","  4.3"," 8","  1.1"," 8","  2.9","999.9","  79.5"," ","  67.3"," "," 0.56","G","999.9","000000"
"43295099999","2015-11-22","12.9666666","77.5833333","921.0","BANGALORE, IN","  70.2"," 8","  67.9"," 8","9999.9"," 0","909.8"," 8","  3.0"," 8","  1.0"," 8","  2.9","999.9","  77.9"," ","  67.6","*"," 0.04","G","999.9","010000"
"43295099999","2015-11-23","12.9666666","77.5833333","921.0","BANGALORE, IN","  70.3"," 8","  67.8"," 8","9999.9"," 0","910.8"," 8","  3.4"," 8","  0.8"," 8","  2.9","999.9","  77.2"," ","  66.0"," "," 0.20","G","999.9","010000"
"43295099999","2015-11-24","12.9666666","77.5833333","921.0","BANGALORE, IN","  70.2"," 8","  66.5"," 8","9999.9"," 0","911.0"," 7","  3.4"," 8","  0.8"," 8","  2.9","999.9","  77.7"," ","  65.1"," "," 0.62","G","999.9","010000"
"43295099999","2015-11-25","12.9666666","77.5833333","921.0","BANGALORE, IN","  70.6"," 8","  58.6"," 8","9999.9"," 0","910.7"," 8","  4.3"," 8","  0.1"," 8","  1.0","999.9","  81.5"," ","  63.5"," "," 0.00","G","999.9","000000"
"43295099999","2015-11-26","12.9666666","77.5833333","921.0","BANGALORE, IN","  72.6"," 8","  63.8"," 8","9999.9"," 0","910.5"," 8","  3.9"," 8","  0.0"," 8","999.9","999.9","  82.4"," ","  63.9"," "," 0.00","E","999.9","000000"
"43295099999","2015-11-27","12.9666666","77.5833333","921.0","BANGALORE, IN","  72.9"," 8","  59.9"," 8","9999.9"," 0","909.6"," 8","  4.3"," 8","  0.7"," 8","  1.9","999.9","  84.0"," ","  65.5","*"," 0.00","G","999.9","000000"
"43295099999","2015-11-28","12.9666666","77.5833333","921.0","BANGALORE, IN","  71.9"," 8","  58.2"," 8","9999.9"," 0","911.2"," 8","  3.9"," 8","  0.8"," 8","  4.1","999.9","  84.7"," ","  61.5"," "," 0.00","I","999.9","000000"
"43295099999","2015-11-29","12.9666666","77.5833333","921.0","BANGALORE, IN","  70.2"," 8","  65.8"," 8","9999.9"," 0","911.8"," 8","  3.4"," 8","  0.7"," 8","  1.9","999.9","  84.7"," ","  63.3"," "," 0.02","E","999.9","010000"
"43295099999","2015-11-30","12.9666666","77.5833333","921.0","BANGALORE, IN","  71.6"," 8","  67.6"," 8","9999.9"," 0","912.0"," 8","  3.9"," 8","  0.7"," 8","  2.9","999.9","  79.3"," ","  67.5"," "," 0.12","G","999.9","010000"
"43295099999","2015-12-01","12.9666666","77.5833333","921.0","BANGALORE, IN","  70.0"," 8","  67.0"," 8","9999.9"," 0","910.5"," 8","  3.9"," 8","  0.4"," 8","  2.9","999.9","  74.8"," ","  67.6","*"," 0.01","G","999.9","010000"
"43295099999","2015-12-02","12.9666666","77.5833333","921.0","BANGALORE, IN","  69.8"," 8","  67.8"," 8","9999.9"," 0","910.6"," 8","  3.9"," 8","  0.5"," 8","  1.9","999.9","  75.0"," ","  67.3"," "," 0.04","G","999.9","010000"
"43295099999","2015-12-03","12.9666666","77.5833333","921.0","BANGALORE, IN","  70.6"," 8","  66.6"," 8","9999.9"," 0","910.9"," 8","  4.3"," 8","  0.5"," 8","  1.9","999.9","  76.8"," ","  66.0"," "," 0.11","G","999.9","010000"
"43295099999","2015-12-04","12.9666666","77.5833333","921.0","BANGALORE, IN","  71.4"," 8","  61.7"," 7","9999.9"," 0","910.5"," 8","  4.3"," 8","  0.9"," 8","  4.1","999.9","  82.0"," ","  64.4"," "," 0.02","G","999.9","000000"
"43295099999","2015-12-05","12.9666666","77.5833333","921.0","BANGALORE, IN","  71.9"," 8","  61.5"," 8","9999.9"," 0","910.3"," 8","  3.9"," 8","  2.1"," 8","  4.1","999.9","  82.0"," ","  64.2"," "," 0.00","G","999.9","000000"
"43295099999","2015-12-06","12.9666666","77.5833333","921.0","BANGALORE, IN","  70.5"," 8","  59.7"," 8","9999.9"," 0","910.8"," 8","  4.3"," 8","  0.8"," 8","  1.9","999.9","  81.1"," ","  65.1"," "," 0.00","I","999.9","000000"
"43295099999","2015-12-07","12.9666666","77.5833333","921.0","BANGALORE, IN","  72.1"," 8","  61.7"," 8","9999.9"," 0","911.3"," 8","  3.9"," 8","  0.7"," 8","  2.9","999.9","  83.7"," ","  63.5"," "," 0.00","I","999.9","000000"
"43295099999","2015-12-08","12.9666666","77.5833333","921.0","BANGALORE, IN","  70.7"," 8","  59.6"," 8","9999.9"," 0","911.8"," 8","  3.9"," 8","  1.2"," 8","  2.9","999.9","  83.7"," ","  62.6"," "," 0.00","I","999.9","000000"
"43295099999","2015-12-09","12.9666666","77.5833333","921.0","BANGALORE, IN","  70.5"," 7","  65.0"," 7","9999.9"," 0","912.2"," 7","  3.6"," 7","  0.6"," 7","  1.9","999.9","  82.8"," ","  65.1"," "," 0.02","E","999.9","010000"
"43295099999","2015-12-10","12.9666666","77.5833333","921.0","BANGALORE, IN","  70.5"," 8","  66.1"," 8","9999.9"," 0","911.8"," 8","  3.4"," 8","  0.6"," 8","  2.9","999.9","  75.7"," ","  66.2","*"," 0.00","E","999.9","010000"
"43295099999","2015-12-11","12.9666666","77.5833333","921.0","BANGALORE, IN","  72.9"," 8","  66.5"," 8","9999.9"," 0","910.7"," 8","  3.9"," 8","  0.7"," 8","  2.9","999.9","  83.7"," ","  65.5"," "," 0.00","G","999.9","000000"
"43295099999","2015-12-12","12.9666666","77.5833333","921.0","BANGALORE, IN","  74.8"," 8","  64.0"," 8","9999.9"," 0","909.8"," 8","  3.9"," 8","  0.6"," 8","  1.9","999.9","  86.4"," ","  68.0"," "," 0.00","I","999.9","000000"
"43295099999","2015-12-13","12.9666666","77.5833333","921.0","BANGALORE, IN","  75.3"," 8","  64.7"," 8","9999.9"," 0","910.2"," 8","  4.3"," 8","  1.1"," 8","  2.9","999.9","  87.6"," ","  68.7","*"," 0.00","I","999.9","000000"
"43295099999","2015-12-14","12.9666666","77.5833333","921.0","BANGALORE, IN","  74.4"," 8","  67.7"," 8","9999.9"," 0","910.5"," 8","  3.9"," 8","  1.5"," 8","  2.9","999.9","  87.6"," ","  67.3"," "," 0.00","I","999.9","000000"
"43295099999","2015-12-15","12.9666666","77.5833333","921.0","BANGALORE, IN","  74.0"," 8","  64.0"," 8","9999.9"," 0","910.7"," 8","  3.9"," 8","  1.0"," 8","  1.9","999.9","  85.8"," ","  68.0"," "," 0.00","I","999.9","000000"
"43295099999","2015-12-16","12.9666666","77.5833333","921.0","BANGALORE, IN","  72.5"," 8","  61.2"," 8","9999.9"," 0","910.9"," 8","  4.3"," 8","  1.3"," 8","  2.9","999.9","  86.5"," ","  64.8","*"," 0.00","I","999.9","000000"
"43295099999","2015-12-17","12.9666666","77.5833333","921.0","BANGALORE, IN","  71.5"," 8","  59.4"," 8","9999.9"," 0","910.8"," 8","  3.9"," 8","  1.7"," 8","  2.9","999.9","  86.5"," ","  61.5"," "," 0.00","I","999.9","000000"
"43295099999","2015-12-18","12.9666666","77.5833333","921.0","BANGALORE, IN","  71.3"," 8","  63.0"," 8","9999.9"," 0","911.8"," 8","  4.3"," 8","  1.5"," 8","  2.9","999.9","  83.5"," ","  63.3"," "," 0.00","I","999.9","000000"
"43295099999","2015-12-19","12.9666666","77.5833333","921.0","BANGALORE, IN","  72.3"," 8","  62.3"," 8","9999.9"," 0","913.4"," 8","  3.9"," 8","  1.2"," 8","  2.9","999.9","  82.9"," ","  66.0"," "," 0.00","I","999.9","000000"
"43295099999","2015-12-20","12.9666666","77.5833333","921.0","BANGALORE, IN","  71.9"," 8","  62.7"," 8","9999.9"," 0","913.0"," 8","  4.3"," 8","  1.0"," 8","  2.9","999.9","  83.1"," ","  65.8"," "," 0.00","I","999.9","000000"
"43295099999","2015-12-21","12.9666666","77.5833333","921.0","BANGALORE, IN","  71.9"," 8","  59.5"," 8","9999.9"," 0","912.9"," 8","  4.3"," 8","  1.3"," 8","  2.9","999.9","  83.8"," ","  64.9"," "," 0.00","I","999.9","000000"
"43295099999","2015-12-22","12.9666666","77.5833333","921.0","BANGALORE, IN","  72.5"," 8","  58.2"," 8","9999.9"," 0","913.4"," 8","  4.3"," 8","  1.2"," 8","  2.9","999.9","  84.6"," ","  62.2"," "," 0.00","I","999.9","000000"
"43295099999","2015-12-23","12.9666666","77.5833333","921.0","BANGALORE, IN","  71.6"," 8","  59.7"," 8","9999.9"," 0","913.4"," 8","  3.9"," 8","  1.2"," 8","  2.9","999.9","  84.6"," ","  64.2"," "," 0.00","I","999.9","000000"
"43295099999","2015-12-24","12.9666666","77.5833333","921.0","BANGALORE, IN","  71.8"," 8","  57.7"," 8","9999.9"," 0","912.9"," 8","  3.9"," 8","  0.7"," 8","  1.9","999.9","  84.7"," ","  63.1"," "," 4.23","G","999.9","000000"
"43295099999","2015-12-25","12.9666666","77.5833333","921.0","BANGALORE, IN","  71.2"," 8","  58.8"," 8","9999.9"," 0","912.5"," 8","  3.9"," 8","  0.8"," 8","  1.9","999.9","  84.7"," ","  61.3"," "," 0.00","G","999.9","000000"
"43295099999","2015-12-26","12.9666666","77.5833333","921.0","BANGALORE, IN","  71.2"," 8","  59.8"," 8","9999.9"," 0","913.3"," 8","  3.7"," 8","  1.3"," 8","  2.9","999.9","  82.8"," ","  64.8"," "," 0.00","I","999.9","000000"
"43295099999","2015-12-27","12.9666666","77.5833333","921.0","BANGALORE, IN","  71.3"," 8","  61.8"," 8","9999.9"," 0","914.1"," 8","  3.3"," 8","  1.5"," 8","  2.9","999.9","  81.9"," ","  64.2"," "," 0.00","I","999.9","000000"
"43295099999","2015-12-28","12.9666666","77.5833333","921.0","BANGALORE, IN","  69.9"," 8","  58.4"," 8","9999.9"," 0","915.1"," 8","  3.7"," 8","  0.7"," 8","  2.9","999.9","  81.3"," ","  63.0"," "," 0.00","I","999.9","000000"
"43295099999","2015-12-29","12.9666666","77.5833333","921.0","BANGALORE, IN","  71.3"," 8","  55.0"," 8","9999.9"," 0","913.7"," 8","  4.3"," 8","  0.0"," 8","999.9","999.9","  84.7"," ","  59.7"," "," 0.00","I","999.9","000000"
"43295099999","2015-12-30","12.9666666","77.5833333","921.0","BANGALORE, IN","  70.7"," 8","  51.8"," 8","9999.9"," 0","913.3"," 7","  4.3"," 8","  0.7"," 8","  1.9","999.9","  84.9"," ","  57.6"," "," 0.00","I","999.9","000000"
"43295099999","2015-12-31","12.9666666","77.5833333","921.0","BANGALORE, IN","  70.4"," 8","  51.8"," 8","9999.9"," 0","913.8"," 8","  4.3"," 8","  1.3"," 8","  2.9","999.9","  84.9"," ","  58.1"," "," 0.00","I","999.9","000000"
